variant,kind,phi,temperature_C,gNa_mS_cm2,tau_m8_ms,g18_mS_cm2,tau_rest_ms,rest_mV,ap_peak_mV,cv_m_s,apd50_ms,propagates,stim_nA
HH_phi1_gNa120,HH,1,6.3,120,nan,nan,1.47651,-64.9997,38.0041,0.454547,1.58,True,2
HH_phi1.5_gNa120,HH,1.50153,10,120,nan,nan,1.47651,-64.9997,35.5123,0.522496,1.08,True,2
HH_phi2.6_gNa120,HH,2.60073,15,120,nan,nan,1.47651,-64.9997,30.5355,0.62082,0.67,True,2
HH_phi4.5_gNa120,HH,4.5046,20,120,nan,nan,1.47651,-64.9997,23.0897,0.722142,0.42,True,2
HH_phi7.8_gNa120,HH,7.80219,25,120,nan,nan,1.47651,-64.9997,12.2957,0.814562,0.29,True,2
HH_phi13.5_gNa120,HH,13.5138,30,120,nan,nan,1.47651,-64.9997,-3.15443,nan,0.22,False,2
HH_phi2_gNa240,HH,2,12.6093,240,nan,nan,0.738253,-64.9997,37.947,0.641558,0.78,True,4
HH_phi3_gNa360,HH,3,16.3,360,nan,nan,0.492169,-64.9997,37.9306,0.785399,0.52,True,6
HH_phi4_gNa480,HH,4,18.9186,480,nan,nan,0.369127,-64.9997,37.9344,0.906501,0.39,True,8
HH_phi5_gNa600,HH,5,20.9497,600,nan,nan,0.295301,-64.9997,37.8798,1.01305,0.31,True,10
HH_phi7_gNa840,HH,7,24.0124,840,nan,nan,0.21093,-64.9997,37.7044,1.19759,0.22,True,14
HH_phi10_gNa1200,HH,10,27.259,1200,nan,nan,0.147651,-64.9997,37.783,1.42947,0.15,True,20
HH_phi1_gNa240,HH,1,6.3,240,nan,nan,0.738253,-64.9997,40.6571,0.494537,1.54,True,4
HH_phi1_gNa600,HH,1,6.3,600,nan,nan,0.295301,-64.9997,42.3482,0.524683,1.52,True,10
HH_phi1_gNa1200,HH,1,6.3,1200,nan,nan,0.147651,-64.9997,42.8988,0.519243,1.52,True,20
NavC_tm8_1.5ms_g18_2000,NavC,nan,nan,nan,1.5,2000,1.36623,-66.8228,37.7254,0.248317,7.31,True,2
NavC_tm8_1ms_g18_2000,NavC,nan,nan,nan,1,2000,1.36623,-66.8228,43.8596,0.341461,7.17,True,2
NavC_tm8_0.5ms_g18_2000,NavC,nan,nan,nan,0.5,2000,1.36623,-66.8228,48.1054,0.495797,7.07,True,2
NavC_tm8_0.2ms_g18_2000,NavC,nan,nan,nan,0.2,2000,1.36623,-66.8228,49.5116,0.734447,7.02,True,2
NavC_tm8_0.1ms_g18_2000,NavC,nan,nan,nan,0.1,2000,1.36623,-66.8228,49.7796,0.961955,6.99,True,2
NavC_tm8_0.05ms_g18_2000,NavC,nan,nan,nan,0.05,2000,1.36623,-66.8228,49.8775,1.24553,6.97,True,2
NavC_tm8_0.75ms_g18_4000,NavC,nan,nan,nan,0.75,4000,0.683113,-66.8228,37.7227,0.350177,3.65,True,4
NavC_tm8_0.3ms_g18_10000,NavC,nan,nan,nan,0.3,10000,0.273245,-66.8228,37.7161,0.551691,1.46,True,10
NavC_tm8_0.15ms_g18_20000,NavC,nan,nan,nan,0.15,20000,0.136623,-66.8228,37.6949,0.775542,0.72,True,20
