model,n_abeta,dt_us,dz_um,ionic,dv_lesion_mV,dv_mid_mV,v2_peak_lesion_mV,ab_conducts,ab_cv_lesion,ue_min_mV,c_spike
HH,1,2,5,explicit,1.56665,1.56414,-63.4331,True,38.77,-3.13986,False
HH,1,1,5,explicit,1.55932,1.55671,-63.4404,True,38.374,-3.09625,False
HH,1,0.5,5,explicit,1.55659,1.55364,-63.4431,True,38.1651,-3.07555,False
HH,1,0.25,5,explicit,1.55515,1.55219,-63.4446,True,38.0604,-3.06563,False
HH,1,0.125,5,explicit,1.55446,1.55151,-63.4453,True,38.0076,-3.06085,False
HH,1,1,5,implicit,1.54253,1.53963,-63.4572,True,37.2994,-3.028,False
HH,1,0.25,5,implicit,1.55105,1.54806,-63.4487,True,37.7906,-3.04892,False
HH,1,1,20,explicit,1.43355,1.43103,-63.5662,True,38.4473,-2.95893,False
HH,1,1,10,explicit,1.53398,1.53112,-63.4657,True,38.3895,-3.06748,False
HH,1,1,2.5,explicit,1.56593,1.56326,-63.4338,True,38.37,-3.10355,False
HH,1,1,1.25,explicit,1.56758,1.5649,-63.4321,True,38.369,-3.10538,False
HH,10,2,5,explicit,10.9336,10.7833,-54.066,True,27.2425,-21.1505,False
HH,10,1,5,explicit,10.9296,10.773,-54.07,True,26.9269,-21.0286,False
HH,10,0.5,5,explicit,10.9274,10.7685,-54.0722,True,26.7599,-20.9604,False
HH,10,0.25,5,explicit,10.9266,10.766,-54.073,True,26.6734,-20.9282,False
HH,10,0.125,5,explicit,10.9261,10.7648,-54.0735,True,26.6295,-20.9127,False
HH,10,1,5,implicit,10.8896,10.7232,-54.1101,True,26.0741,-20.6861,False
HH,10,0.25,5,implicit,10.9167,10.7535,-54.0829,True,26.4593,-20.8436,False
HH,10,1,20,explicit,10.2516,10.1079,-54.748,True,27.366,-20.3712,False
HH,10,1,10,explicit,10.7903,10.6359,-54.2094,True,27.0197,-20.8908,False
HH,10,1,2.5,explicit,10.9648,10.8076,-54.0348,True,26.9029,-21.0647,False
HH,10,1,1.25,explicit,10.9736,10.8162,-54.026,True,26.8973,-21.0736,False
HH,25,2,5,explicit,19.2776,18.3989,-45.7219,False,nan,-35.1511,False
HH,25,1,5,explicit,19.336,18.4403,-45.6634,False,nan,-35.0581,False
HH,25,0.5,5,explicit,19.3661,18.4607,-45.6333,False,nan,-35.0172,False
HH,25,0.25,5,explicit,19.3814,18.4712,-45.6181,False,nan,-34.9978,False
HH,25,0.125,5,explicit,19.3891,18.4765,-45.6104,False,nan,-34.9884,False
HH,25,1,5,implicit,19.4134,18.4853,-45.5861,False,nan,-34.7792,False
HH,25,0.25,5,implicit,19.4009,18.4826,-45.5986,False,nan,-34.9305,False
HH,25,1,20,explicit,18.8824,17.5008,-46.1171,True,13.2301,-34.4067,False
HH,25,1,10,explicit,19.1192,18.2461,-45.8802,False,nan,-34.8808,False
HH,25,1,2.5,explicit,19.391,18.4892,-45.6085,False,nan,-35.1019,False
HH,25,1,1.25,explicit,19.4045,18.5015,-45.5949,False,nan,-35.1142,False
HH,50,2,5,explicit,23.3953,0.0212114,-41.604,False,nan,-42.6163,False
HH,50,1,5,explicit,23.5108,0.0212377,-41.4885,False,nan,-42.6234,False
HH,50,0.5,5,explicit,23.5709,0.0212502,-41.4284,False,nan,-42.629,False
HH,50,0.25,5,explicit,23.6013,0.0212562,-41.398,False,nan,-42.6329,False
HH,50,0.125,5,explicit,23.6166,0.0212592,-41.3827,False,nan,-42.6353,False
HH,50,1,5,implicit,23.7613,0.0212737,-41.238,False,nan,-42.647,False
HH,50,0.25,5,implicit,23.6637,0.0212658,-41.3356,False,nan,-42.6402,False
HH,50,1,20,explicit,22.3461,0.0219347,-42.6532,False,nan,-41.6594,False
HH,50,1,10,explicit,23.2643,0.0213938,-41.735,False,nan,-42.4165,False
HH,50,1,2.5,explicit,23.5743,0.0211971,-41.425,False,nan,-42.676,False
HH,50,1,1.25,explicit,23.59,0.0211873,-41.4093,False,nan,-42.6903,False
NavC,1,2,5,explicit,1.56653,1.56403,-65.2563,True,38.77,-3.13986,False
NavC,1,1,5,explicit,1.55922,1.5566,-65.2636,True,38.374,-3.09625,False
NavC,1,0.5,5,explicit,1.55646,1.55352,-65.2664,True,38.1651,-3.07555,False
NavC,1,0.25,5,explicit,1.55502,1.55207,-65.2678,True,38.0604,-3.06563,False
NavC,1,0.125,5,explicit,1.55433,1.55137,-65.2685,True,38.0076,-3.06085,False
NavC,1,1,5,implicit,1.54239,1.53949,-65.2804,True,37.2994,-3.028,False
NavC,1,0.25,5,implicit,1.55091,1.54793,-65.2719,True,37.7906,-3.04892,False
NavC,1,1,20,explicit,1.43332,1.4308,-65.3895,True,38.4473,-2.95893,False
NavC,1,1,10,explicit,1.53383,1.53097,-65.289,True,38.3895,-3.06748,False
NavC,1,1,2.5,explicit,1.56583,1.56316,-65.257,True,38.37,-3.10355,False
NavC,1,1,1.25,explicit,1.56748,1.5648,-65.2553,True,38.369,-3.10538,False
NavC,10,2,5,explicit,10.9343,10.7837,-55.8884,True,27.2426,-21.1506,False
NavC,10,1,5,explicit,10.9301,10.7734,-55.8926,True,26.927,-21.0287,False
NavC,10,0.5,5,explicit,10.9279,10.7687,-55.8948,True,26.7601,-20.9604,False
NavC,10,0.25,5,explicit,10.9271,10.7663,-55.8956,True,26.6735,-20.9282,False
NavC,10,0.125,5,explicit,10.9266,10.7651,-55.8961,True,26.6296,-20.9128,False
NavC,10,1,5,implicit,10.8901,10.7235,-55.9326,True,26.0743,-20.6861,False
NavC,10,0.25,5,implicit,10.9172,10.7537,-55.9055,True,26.4594,-20.8436,False
NavC,10,1,20,explicit,10.2511,10.1072,-56.5716,True,27.3661,-20.3712,False
NavC,10,1,10,explicit,10.7905,10.636,-56.0322,True,27.0198,-20.8908,False
NavC,10,1,2.5,explicit,10.9654,10.808,-55.8574,True,26.903,-21.0647,False
NavC,10,1,1.25,explicit,10.9742,10.8166,-55.8485,True,26.8974,-21.0737,False
NavC,25,2,5,explicit,19.2873,18.4047,-47.5353,False,nan,-35.1511,False
NavC,25,1,5,explicit,19.3459,18.4465,-47.4767,False,nan,-35.0582,False
NavC,25,0.5,5,explicit,19.3762,18.4669,-47.4464,False,nan,-35.0173,False
NavC,25,0.25,5,explicit,19.3915,18.4774,-47.4311,False,nan,-34.9979,False
NavC,25,0.125,5,explicit,19.3992,18.4826,-47.4234,False,nan,-34.9885,False
NavC,25,1,5,implicit,19.4239,18.4917,-47.3987,False,nan,-34.7795,False
NavC,25,0.25,5,implicit,19.4111,18.4888,-47.4114,False,nan,-34.9306,False
NavC,25,1,20,explicit,18.8951,17.5043,-47.9275,True,13.2323,-34.4073,False
NavC,25,1,10,explicit,19.1284,18.2514,-47.6942,False,nan,-34.8807,False
NavC,25,1,2.5,explicit,19.4013,18.4956,-47.4213,False,nan,-35.1019,False
NavC,25,1,1.25,explicit,19.4149,18.5079,-47.4076,False,nan,-35.1143,False
NavC,50,2,5,explicit,23.4123,0.0161674,-43.4102,False,nan,-42.6166,False
NavC,50,1,5,explicit,23.5276,0.0161785,-43.2949,False,nan,-42.6234,False
NavC,50,0.5,5,explicit,23.5879,0.0161833,-43.2346,False,nan,-42.6291,False
NavC,50,0.25,5,explicit,23.6184,0.0161855,-43.204,False,nan,-42.6329,False
NavC,50,0.125,5,explicit,23.6338,0.0161865,-43.1886,False,nan,-42.6353,False
NavC,50,1,5,implicit,23.7792,0.0161813,-43.0432,False,nan,-42.6469,False
NavC,50,0.25,5,implicit,23.681,0.0161867,-43.1414,False,nan,-42.6401,False
NavC,50,1,20,explicit,22.3577,0.0165992,-44.4647,False,nan,-41.6594,False
NavC,50,1,10,explicit,23.28,0.0162656,-43.5424,False,nan,-42.4164,False
NavC,50,1,2.5,explicit,23.5915,0.0161565,-43.2309,False,nan,-42.6759,False
NavC,50,1,1.25,explicit,23.6074,0.0161515,-43.215,False,nan,-42.6903,False
