scheme,n_abeta,dt_us,dv_downstream_mV
lagged,1,5,1.17115
lagged,1,2.5,1.38681
lagged,1,1,1.50285
lagged,1,0.5,1.51366
lagged,1,0.25,1.5112
lagged,1,0.125,1.50855
lagged,10,5,3.35661
lagged,10,2.5,5.00628
lagged,10,1,7.49713
lagged,10,0.5,9.03883
lagged,10,0.25,9.80945
lagged,10,0.125,10.0014
lagged,25,5,3.98818
lagged,25,2.5,6.10145
lagged,25,1,9.68906
lagged,25,0.5,12.5252
lagged,25,0.25,14.5717
lagged,25,0.125,15.4121
lagged,50,5,4.15826
lagged,50,2.5,6.27959
lagged,50,1,10.6005
lagged,50,0.5,15.4739
lagged,50,0.25,18.9347
lagged,50,0.125,20.8773
monolithic,1,5,1.54123
monolithic,1,2.5,1.5205
monolithic,1,1,1.5104
monolithic,1,0.5,1.5077
monolithic,1,0.25,1.5064
monolithic,1,0.125,1.5058
monolithic,10,5,10.0312
monolithic,10,2.5,9.99585
monolithic,10,1,9.96519
monolithic,10,0.5,9.95289
monolithic,10,0.25,9.94658
monolithic,10,0.125,9.94352
monolithic,25,5,15.3902
monolithic,25,2.5,15.4155
monolithic,25,1,15.4392
monolithic,25,0.5,15.4552
monolithic,25,0.25,15.464
monolithic,25,0.125,15.4686
monolithic,50,5,21.2184
monolithic,50,2.5,21.4407
monolithic,50,1,21.6069
monolithic,50,0.5,21.668
monolithic,50,0.25,21.7005
monolithic,50,0.125,21.7198
