model,closure,w_nm,n_abeta,status,t_end_ms,v2_rest_mV,dv_mid_mV,dv_lesion_mV,dv_lesion_z_mm,v2_peak_lesion_mV,hyp_lesion_mV,ue_max_mV,ue_min_mV,stim_nA,r_e,A_e_um2,c_spike,c_overshoot,c_init_z_mm,c_init_t_ms,c_cv,c_span_mm,ab_conducts,ab_cv_lesion,ab_cv_free,n_equiv
HH,per_fiber,5,1,quiescent,4,-64.9991,0.0363801,18.8389,3,-46.1603,-18.37,29.7118,-33.793,3.022,5.7822e+12,0.172945,False,False,nan,nan,nan,0,False,nan,41.457,
HH,per_fiber,5,10,quiescent,4,-64.999,0.0264652,3.44415,3.085,-61.5556,-23.5976,35.5759,-1.37057,3.022,6.29974e+11,1.58737,False,False,nan,nan,nan,0,False,nan,41.665,
HH,per_fiber,5,100,quiescent,4,-64.999,0.0254252,3.69961,3.085,-61.3001,-24.1772,36.3681,-1.52909,3.022,6.35663e+10,15.7316,False,False,nan,nan,nan,0,False,nan,41.6943,
HH,per_fiber,10,1,quiescent,4,-64.9993,0.0248266,20.0252,4,-44.9742,-12.5399,21.9341,-35.3631,3.022,2.88847e+12,0.346204,False,False,nan,nan,nan,0,False,nan,41.0024,
HH,per_fiber,10,10,quiescent,4,-64.9993,0.021974,23.6005,4,-41.3988,-15.8934,26.4112,-42.5628,3.022,3.14815e+11,3.17646,False,False,nan,nan,nan,0,False,nan,41.166,
HH,per_fiber,10,100,quiescent,4,-64.9993,0.0215783,24.165,4,-40.8342,-16.3355,26.9939,-43.6531,3.022,3.17671e+10,31.4791,False,False,nan,nan,nan,0,False,nan,41.1875,
HH,per_fiber,15,1,quiescent,4,-64.9994,18.7931,19.9792,6,-45.0202,-9.69377,17.5225,-34.3956,3.022,1.9239e+12,0.519777,False,False,nan,nan,nan,0,False,nan,40.7914,
HH,per_fiber,15,10,quiescent,4,-64.9994,21.7317,21.7317,5,-43.2677,-12.0086,20.937,-39.0105,3.022,2.09763e+11,4.76729,False,False,nan,nan,nan,0,False,nan,40.9149,
HH,per_fiber,15,100,quiescent,4,-64.9994,22.1288,22.1288,5,-42.8706,-12.3122,21.3732,-39.7349,3.022,2.11674e+10,47.2424,False,False,nan,nan,nan,0,False,nan,40.9306,
HH,per_fiber,20,1,quiescent,4,-64.9995,16.4308,17.0915,6,-47.908,-7.93652,14.6144,-30.8108,3.022,1.44162e+12,0.693664,False,False,nan,nan,nan,0,True,16.7106,40.6568,
HH,per_fiber,20,10,quiescent,4,-64.9995,18.6253,19.5755,6,-45.424,-9.66274,17.32,-35.3055,3.022,1.57237e+11,6.35984,False,False,nan,nan,nan,0,False,nan,40.76,
HH,per_fiber,20,100,quiescent,4,-64.9995,18.8923,19.8882,6,-45.1113,-9.8844,17.6567,-35.9069,3.022,1.58676e+10,63.0216,False,False,nan,nan,nan,0,False,nan,40.7728,
HH,per_fiber,30,1,quiescent,4,-64.9996,13.3489,13.6821,6,-51.3174,-5.83686,10.9823,-25.2339,3.022,9.59343e+11,1.04238,False,False,nan,nan,nan,0,True,22.8593,40.4885,
HH,per_fiber,30,10,quiescent,4,-64.9995,14.9776,15.4038,6,-49.5958,-6.94345,12.8325,-28.9452,3.022,1.04711e+11,9.55013,False,False,nan,nan,nan,0,True,20.4801,40.5652,
HH,per_fiber,30,100,quiescent,4,-64.9995,15.1669,15.6041,6,-49.3954,-7.08068,13.0588,-29.394,3.022,1.05677e+10,94.6276,False,False,nan,nan,nan,0,True,20.2045,40.5744,
HH,per_fiber,50,1,quiescent,4,-64.9996,9.83462,9.9681,6,-55.0315,-3.81681,7.31802,-18.8713,3.022,5.73531e+11,1.74358,False,False,nan,nan,nan,0,True,28.1096,40.3136,
HH,per_fiber,50,10,quiescent,4,-64.9996,10.9716,11.1362,6,-53.8634,-4.42403,8.40023,-21.4018,3.022,6.26903e+10,15.9514,False,False,nan,nan,nan,0,True,26.6512,40.3634,
HH,per_fiber,50,100,quiescent,4,-64.9996,11.1005,11.2696,6,-53.73,-4.49724,8.52912,-21.6978,3.022,6.32791e+09,158.03,False,False,nan,nan,nan,0,True,26.4861,40.3692,
HH,per_fiber,100,1,quiescent,4,-64.9997,5.96296,5.99886,6,-59.0008,-2.02947,3.95233,-11.6391,3.022,2.84205e+11,3.51858,False,False,nan,nan,nan,0,True,33.1431,40.1465,
HH,per_fiber,100,10,quiescent,4,-64.9997,6.62633,6.66952,6,-58.3301,-2.29985,4.46153,-13.0589,3.022,3.11763e+10,32.0757,False,False,nan,nan,nan,0,True,32.3497,40.1708,
HH,per_fiber,100,100,quiescent,4,-64.9997,6.70067,6.74502,6,-58.2546,-2.33096,4.51994,-13.2252,3.022,3.14815e+09,317.646,False,False,nan,nan,nan,0,True,32.263,40.1736,
HH,per_fiber,200,1,quiescent,4,-64.9997,3.30981,3.3197,6,-61.68,-1.03123,2.02505,-6.53204,3.022,1.3961e+11,7.16283,False,False,nan,nan,nan,0,True,36.3386,40.0494,
HH,per_fiber,200,10,quiescent,4,-64.9997,3.68092,3.69287,6,-61.3068,-1.15821,2.27024,-7.30235,3.022,1.5422e+10,64.8425,False,False,nan,nan,nan,0,True,35.9153,40.0621,
HH,per_fiber,200,100,quiescent,4,-64.9997,3.7226,3.73514,6,-61.2646,-1.17265,2.29809,-7.38822,3.022,1.55851e+09,641.639,False,False,nan,nan,nan,0,True,35.868,40.0635,
HH,per_fiber,500,1,quiescent,4,-64.9997,1.36521,1.36752,6,-63.6322,-0.399571,0.787881,-2.71621,3.022,5.30516e+10,18.8496,False,False,nan,nan,nan,0,True,38.5903,39.9837,
HH,per_fiber,500,10,quiescent,4,-64.9997,1.54138,1.54405,6,-63.4557,-0.453122,0.892799,-3.07355,3.022,5.97765e+09,167.29,False,False,nan,nan,nan,0,True,38.3944,39.9894,
HH,per_fiber,500,100,quiescent,4,-64.9997,1.56152,1.56422,6,-63.4355,-0.459277,0.90485,-3.11444,3.022,6.0544e+08,1651.69,False,False,nan,nan,nan,0,True,38.3716,39.99,
HH,per_fiber,1000,1,quiescent,4,-64.9997,0.648452,0.6492,6,-64.3505,-0.185586,0.366698,-1.29454,3.022,2.44854e+10,40.8407,False,False,nan,nan,nan,0,True,39.4066,39.9604,
HH,per_fiber,1000,10,quiescent,4,-64.9997,0.752804,0.753875,6,-64.2458,-0.216063,0.42673,-1.50456,3.022,2.84205e+09,351.858,False,False,nan,nan,nan,0,True,39.2863,39.9638,
HH,per_fiber,1000,100,quiescent,4,-64.9997,0.765114,0.766223,6,-64.2335,-0.21967,0.433833,-1.52935,3.022,2.88847e+08,3462.04,False,False,nan,nan,nan,0,True,39.2729,39.9642,
HH,per_fiber_equiv,497.308,1,quiescent,4,-64.9997,1.3728,1.37513,6,-63.6246,-0.401883,0.792424,-2.73132,3.022,5.33627e+10,18.7397,False,False,nan,nan,nan,0,True,38.5812,39.9839,1
HH,per_fiber_equiv,103.34,1,quiescent,4,-64.9997,5.80976,5.84312,6,-59.1566,-1.96712,3.83232,-11.3478,3.022,2.74855e+11,3.63828,False,False,nan,nan,nan,0,True,33.3303,40.1406,5
HH,per_fiber_equiv,20.8382,1,quiescent,4,-64.9995,16.108,16.7231,6,-48.2764,-7.70328,14.2206,-30.2121,3.022,1.38342e+12,0.722844,False,False,nan,nan,nan,0,True,17.5348,40.6386,25
HH,per_fiber_equiv,5.21768,1,quiescent,4,-64.9991,0.0354623,18.6207,3,-46.3785,-17.9755,29.2435,-33.4661,3.022,5.54075e+12,0.180481,False,False,nan,nan,nan,0,False,nan,41.4265,100
NavC,per_fiber,5,1,quiescent,4,-66.8222,0.0256745,18.8537,3,-47.9686,-18.3418,29.7045,-33.8011,3.022,5.7822e+12,0.172945,False,False,nan,nan,nan,0,False,nan,41.4569,
NavC,per_fiber,5,10,quiescent,4,-66.8221,0.0172735,3.43391,3.085,-63.3889,-23.5651,35.5742,-1.37123,3.022,6.29974e+11,1.58737,False,False,nan,nan,nan,0,False,nan,41.665,
NavC,per_fiber,5,100,quiescent,4,-66.8221,0.0163106,3.6909,3.085,-63.132,-24.1457,36.3679,-1.52924,3.022,6.35663e+10,15.7316,False,False,nan,nan,nan,0,False,nan,41.6943,
NavC,per_fiber,10,1,quiescent,4,-66.8224,0.0192288,20.0348,4,-46.7877,-12.5268,21.93,-35.3694,3.022,2.88847e+12,0.346204,False,False,nan,nan,nan,0,False,nan,41.0023,
NavC,per_fiber,10,10,quiescent,4,-66.8224,0.0167695,23.6181,4,-43.2043,-15.8792,26.4103,-42.5625,3.022,3.14815e+11,3.17646,False,False,nan,nan,nan,0,False,nan,41.166,
NavC,per_fiber,10,100,quiescent,4,-66.8224,0.0164016,24.1845,4,-42.6379,-16.3214,26.9938,-43.6532,3.022,3.17671e+10,31.4791,False,False,nan,nan,nan,0,False,nan,41.1875,
NavC,per_fiber,15,1,quiescent,4,-66.8225,18.8006,19.9948,6,-46.8278,-9.68489,17.5197,-34.4127,3.022,1.9239e+12,0.519777,False,False,nan,nan,nan,0,False,nan,40.7913,
NavC,per_fiber,15,10,quiescent,4,-66.8225,21.7457,21.7457,5,-45.0768,-11.9996,20.9365,-39.0115,3.022,2.09763e+11,4.76729,False,False,nan,nan,nan,0,False,nan,40.9149,
NavC,per_fiber,15,100,quiescent,4,-66.8225,22.1445,22.1445,5,-44.678,-12.3031,21.3731,-39.735,3.022,2.11674e+10,47.2424,False,False,nan,nan,nan,0,False,nan,40.9306,
NavC,per_fiber,20,1,quiescent,4,-66.8226,16.4343,17.0968,6,-49.7258,-7.93001,14.6123,-30.816,3.022,1.44162e+12,0.693664,False,False,nan,nan,nan,0,True,16.7212,40.6568,
NavC,per_fiber,20,10,quiescent,4,-66.8226,18.6318,19.5862,6,-47.2363,-9.6559,17.3196,-35.3062,3.022,1.57237e+11,6.35984,False,False,nan,nan,nan,0,False,nan,40.76,
NavC,per_fiber,20,100,quiescent,4,-66.8226,18.8992,19.9,6,-46.9226,-9.87767,17.6567,-35.9069,3.022,1.58676e+10,63.0216,False,False,nan,nan,nan,0,False,nan,40.7728,
NavC,per_fiber,30,1,quiescent,4,-66.8227,13.3498,13.6838,6,-53.1389,-5.83258,10.9811,-25.2345,3.022,9.59343e+11,1.04238,False,False,nan,nan,nan,0,True,22.8621,40.4885,
NavC,per_fiber,30,10,quiescent,4,-66.8226,14.9798,15.407,6,-51.4156,-6.93895,12.8323,-28.9454,3.022,1.04711e+11,9.55013,False,False,nan,nan,nan,0,True,20.4806,40.5652,
NavC,per_fiber,30,100,quiescent,4,-66.8226,15.1692,15.6075,6,-51.2152,-7.07622,13.0587,-29.394,3.022,1.05677e+10,94.6276,False,False,nan,nan,nan,0,True,20.2045,40.5744,
NavC,per_fiber,50,1,quiescent,4,-66.8227,9.83458,9.96821,6,-56.8545,-3.81423,7.31747,-18.8716,3.022,5.73531e+11,1.74358,False,False,nan,nan,nan,0,True,28.1105,40.3136,
NavC,per_fiber,50,10,quiescent,4,-66.8227,10.972,11.1369,6,-55.6859,-4.42134,8.40015,-21.4018,3.022,6.26903e+10,15.9514,False,False,nan,nan,nan,0,True,26.6513,40.3634,
NavC,per_fiber,50,100,quiescent,4,-66.8227,11.1008,11.2703,6,-55.5524,-4.49456,8.52912,-21.6978,3.022,6.32791e+09,158.03,False,False,nan,nan,nan,0,True,26.4861,40.3692,
NavC,per_fiber,100,1,quiescent,4,-66.8228,5.96268,5.99857,6,-60.8242,-2.02823,3.95215,-11.6392,3.022,2.84205e+11,3.51858,False,False,nan,nan,nan,0,True,33.1434,40.1465,
NavC,per_fiber,100,10,quiescent,4,-66.8228,6.62615,6.66933,6,-60.1534,-2.29856,4.4615,-13.0589,3.022,3.11763e+10,32.0757,False,False,nan,nan,nan,0,True,32.3497,40.1708,
NavC,per_fiber,100,100,quiescent,4,-66.8228,6.70039,6.74487,6,-60.0779,-2.32966,4.51994,-13.2252,3.022,3.14815e+09,317.646,False,False,nan,nan,nan,0,True,32.263,40.1736,
NavC,per_fiber,200,1,quiescent,4,-66.8228,3.30958,3.31946,6,-63.5033,-1.03064,2.02501,-6.53206,3.022,1.3961e+11,7.16283,False,False,nan,nan,nan,0,True,36.3386,40.0494,
NavC,per_fiber,200,10,quiescent,4,-66.8228,3.68074,3.69262,6,-63.1302,-1.15757,2.27023,-7.30235,3.022,1.5422e+10,64.8425,False,False,nan,nan,nan,0,True,35.9153,40.0621,
NavC,per_fiber,200,100,quiescent,4,-66.8228,3.7224,3.7349,6,-63.0879,-1.17202,2.29809,-7.38822,3.022,1.55851e+09,641.639,False,False,nan,nan,nan,0,True,35.868,40.0635,
NavC,per_fiber,500,1,quiescent,4,-66.8228,1.3651,1.36741,6,-65.4554,-0.39935,0.787874,-2.71621,3.022,5.30516e+10,18.8496,False,False,nan,nan,nan,0,True,38.5903,39.9837,
NavC,per_fiber,500,10,quiescent,4,-66.8228,1.54127,1.54395,6,-65.2789,-0.452876,0.892798,-3.07355,3.022,5.97765e+09,167.29,False,False,nan,nan,nan,0,True,38.3944,39.9894,
NavC,per_fiber,500,100,quiescent,4,-66.8228,1.56141,1.56411,6,-65.2587,-0.459028,0.90485,-3.11444,3.022,6.0544e+08,1651.69,False,False,nan,nan,nan,0,True,38.3716,39.99,
NavC,per_fiber,1000,1,quiescent,4,-66.8228,0.648403,0.649145,6,-66.1737,-0.185483,0.366696,-1.29454,3.022,2.44854e+10,40.8407,False,False,nan,nan,nan,0,True,39.4066,39.9604,
NavC,per_fiber,1000,10,quiescent,4,-66.8228,0.752751,0.753815,6,-66.069,-0.215944,0.42673,-1.50456,3.022,2.84205e+09,351.858,False,False,nan,nan,nan,0,True,39.2863,39.9638,
NavC,per_fiber,1000,100,quiescent,4,-66.8228,0.765061,0.766163,6,-66.0567,-0.21955,0.433833,-1.52935,3.022,2.88847e+08,3462.04,False,False,nan,nan,nan,0,True,39.2729,39.9642,
NavC,per_fiber_equiv,497.308,1,quiescent,4,-66.8228,1.37269,1.37502,6,-65.4478,-0.401661,0.792417,-2.73132,3.022,5.33627e+10,18.7397,False,False,nan,nan,nan,0,True,38.5812,39.9839,1
NavC,per_fiber_equiv,103.34,1,quiescent,4,-66.8228,5.80941,5.84287,6,-60.9799,-1.96592,3.83215,-11.3478,3.022,2.74855e+11,3.63828,False,False,nan,nan,nan,0,True,33.3305,40.1406,5
NavC,per_fiber_equiv,20.8382,1,quiescent,4,-66.8226,16.111,16.7277,6,-50.0949,-7.69691,14.2187,-30.2162,3.022,1.38342e+12,0.722844,False,False,nan,nan,nan,0,True,17.5434,40.6386,25
NavC,per_fiber_equiv,5.21768,1,quiescent,4,-66.8222,0.0250254,18.6347,3,-48.1875,-17.9489,29.2365,-33.4739,3.022,5.54075e+12,0.180481,False,False,nan,nan,nan,0,False,nan,41.4264,100
