model,kappa,lambda_e_um,n_abeta,status,t_end_ms,v2_rest_mV,dv_mid_mV,dv_lesion_mV,dv_lesion_z_mm,v2_peak_lesion_mV,hyp_lesion_mV,ue_max_mV,ue_min_mV,stim_nA,r_e,A_e_um2,c_spike,c_overshoot,c_init_z_mm,c_init_t_ms,c_cv,c_span_mm,ab_conducts,ab_cv_lesion,ab_cv_free
HH,1e+06,1000,1,quiescent,4,-64.9997,1.87721,1.95189,7,-63.0478,-1.04879,23.953,-36.572,3.022,6.09742e+10,16.4004,False,False,nan,nan,nan,0,True,14.0113,42.2002
HH,1e+06,1000,5,quiescent,4,-64.9995,0.00816426,3.30035,2.505,-61.6994,-3.76223,52.2399,-0.291853,3.022,6.09742e+10,16.4004,False,False,nan,nan,nan,0,False,nan,44.4604
HH,1e+06,1000,10,quiescent,4,-64.9993,0.0104239,4.51029,2.505,-60.4894,-4.92192,61.222,-0.586111,3.022,6.09742e+10,16.4004,False,False,nan,nan,nan,0,False,nan,45.1996
HH,1e+06,1000,25,quiescent,4,-64.9987,0.0112002,6.85944,2.505,-58.1401,-5.39444,67.9021,-2.62302,3.022,6.09742e+10,16.4004,False,False,nan,nan,nan,0,False,nan,45.8746
HH,1e+06,1000,50,quiescent,4,-64.998,0.00999931,9.07117,2.505,-55.9283,-5.14435,70.2027,-6.04067,3.022,6.09742e+10,16.4004,False,False,nan,nan,nan,0,False,nan,46.2186
HH,1e+06,1000,100,quiescent,4,-64.997,0.00748752,11.4981,2.505,-53.501,-6.96005,72.6738,-8.67466,3.022,6.09742e+10,16.4004,False,False,nan,nan,nan,0,False,nan,46.453
HH,1e+06,1000,200,quiescent,4,-64.9957,0.00434976,13.9395,2.505,-51.0593,-10.1653,74.7015,-9.28894,3.022,6.09742e+10,16.4004,False,False,nan,nan,nan,0,False,nan,46.6131
HH,3e+06,577.35,1,quiescent,4,-64.9997,1.97364,2.01765,6,-62.982,-0.900242,17.8233,-26.0423,3.022,6.09742e+10,16.4004,False,False,nan,nan,nan,0,True,18.7719,41.5181
HH,3e+06,577.35,5,quiescent,4,-64.9995,0.0133986,3.96952,3,-61.03,-3.50976,45.1578,-37.9822,3.022,6.09742e+10,16.4004,False,False,nan,nan,nan,0,False,nan,43.7456
HH,3e+06,577.35,10,quiescent,4,-64.9993,0.0244485,4.04303,2.505,-60.9567,-5.5961,55.8925,-1.28185,3.022,6.09742e+10,16.4004,False,False,nan,nan,nan,0,False,nan,44.6613
HH,3e+06,577.35,25,quiescent,4,-64.9988,0.0286392,6.49141,2.505,-58.5082,-6.2967,65.0289,-2.84705,3.022,6.09742e+10,16.4004,False,False,nan,nan,nan,0,False,nan,45.5716
HH,3e+06,577.35,50,quiescent,4,-64.9982,0.027077,8.78959,2.505,-56.2099,-5.96659,68.6061,-6.30613,3.022,6.09742e+10,16.4004,False,False,nan,nan,nan,0,False,nan,46.05
HH,3e+06,577.35,100,quiescent,4,-64.9972,0.0215731,11.2984,2.505,-53.7008,-6.8562,71.3158,-9.07675,3.022,6.09742e+10,16.4004,False,False,nan,nan,nan,0,False,nan,46.3631
HH,3e+06,577.35,200,quiescent,4,-64.996,0.0137401,13.8052,2.505,-51.1935,-10.0842,73.99,-9.68694,3.022,6.09742e+10,16.4004,False,False,nan,nan,nan,0,False,nan,46.5662
HH,1e+07,316.228,1,quiescent,4,-64.9997,2.08901,2.13273,6,-62.867,-0.835677,11.0125,-17.6519,3.022,6.09742e+10,16.4004,False,False,nan,nan,nan,0,True,25.5682,40.8262
HH,1e+07,316.228,5,quiescent,4,-64.9995,0.0417926,5.32321,4,-59.6763,-3.42567,33.6066,-41.9482,3.022,6.09742e+10,16.4004,False,False,nan,nan,nan,0,False,nan,42.5846
HH,1e+07,316.228,10,quiescent,4,-64.9994,0.0368335,3.11594,2.505,-61.8838,-6.28704,45.2892,-2.09895,3.022,6.09742e+10,16.4004,False,False,nan,nan,nan,0,False,nan,43.574
HH,1e+07,316.228,25,quiescent,4,-64.999,0.0530256,5.56293,2.505,-59.4367,-8.37635,57.7975,-4.53586,3.022,6.09742e+10,16.4004,False,False,nan,nan,nan,0,False,nan,44.8114
HH,1e+07,316.228,50,quiescent,4,-64.9984,0.057477,7.98489,2.505,-57.0146,-8.18495,64.0312,-6.62139,3.022,6.09742e+10,16.4004,False,False,nan,nan,nan,0,False,nan,45.5381
HH,1e+07,316.228,100,quiescent,4,-64.9976,0.0520052,10.6772,2.505,-54.3221,-6.87214,67.9447,-9.97856,3.022,6.09742e+10,16.4004,False,False,nan,nan,nan,0,False,nan,46.0707
HH,1e+07,316.228,200,quiescent,4,-64.9965,0.0385806,13.3652,2.505,-51.6337,-9.8132,71.6452,-10.832,3.022,6.09742e+10,16.4004,False,False,nan,nan,nan,0,False,nan,46.4086
HH,3e+07,182.574,1,quiescent,4,-64.9997,2.15564,2.18246,6,-62.8172,-0.787704,6.28257,-12.5888,3.022,6.09742e+10,16.4004,False,False,nan,nan,nan,0,True,30.8606,40.4021
HH,3e+07,182.574,5,quiescent,4,-64.9996,6.57941,6.57941,5,-58.4201,-3.39006,22.7359,-34.4402,3.022,6.09742e+10,16.4004,False,False,nan,nan,nan,0,False,nan,41.559
HH,3e+07,182.574,10,quiescent,4,-64.9994,0.0407129,6.66844,3,-58.331,-5.96117,33.4564,-35.1248,3.022,6.09742e+10,16.4004,False,False,nan,nan,nan,0,False,nan,42.3767
HH,3e+07,182.574,25,quiescent,4,-64.9991,0.0589993,4.14864,2.505,-60.851,-10.9985,47.2635,-4.35933,3.022,6.09742e+10,16.4004,False,False,nan,nan,nan,0,False,nan,43.6269
HH,3e+07,182.574,50,quiescent,4,-64.9987,0.074731,6.50457,2.505,-58.495,-11.8712,55.8117,-7.33414,3.022,6.09742e+10,16.4004,False,False,nan,nan,nan,0,False,nan,44.5799
HH,3e+07,182.574,100,quiescent,4,-64.9982,0.0793991,9.34318,2.505,-55.6563,-10.7952,62.332,-10.447,3.022,6.09742e+10,16.4004,False,False,nan,nan,nan,0,False,nan,45.4
HH,3e+07,182.574,200,quiescent,4,-64.9973,0.0700526,12.3092,2.505,-52.6899,-9.15404,66.8494,-12.6031,3.022,6.09742e+10,16.4004,False,False,nan,nan,nan,0,False,nan,46.005
HH,1e+08,100,1,quiescent,4,-64.9997,2.10628,2.11835,6,-62.8813,-0.70582,3.18892,-8.19278,3.022,6.09742e+10,16.4004,False,False,nan,nan,nan,0,True,34.7971,40.1466
HH,1e+08,100,5,quiescent,4,-64.9996,7.22688,7.44615,6,-57.5534,-3.23212,13.4348,-26.6024,3.022,6.09742e+10,16.4004,False,False,nan,nan,nan,0,True,20.9587,40.7794
HH,1e+08,100,10,quiescent,4,-64.9995,10.8097,10.8097,5,-54.1898,-5.81754,21.969,-37.046,3.022,6.09742e+10,16.4004,False,False,nan,nan,nan,0,False,nan,41.3079
HH,1e+08,100,25,quiescent,4,-64.9992,0.0497379,11.3659,3,-53.6334,-11.6841,35.1744,-40.4908,3.022,6.09742e+10,16.4004,False,False,nan,nan,nan,0,False,nan,42.2588
HH,1e+08,100,50,quiescent,4,-64.9989,0.0607936,4.21734,2.505,-60.7823,-16.4641,44.3861,-4.19839,3.022,6.09742e+10,16.4004,False,False,nan,nan,nan,0,False,nan,43.1419
HH,1e+08,100,100,quiescent,4,-64.9986,0.0766956,6.78839,2.505,-58.2112,-17.527,52.3329,-7.9006,3.022,6.09742e+10,16.4004,False,False,nan,nan,nan,0,False,nan,44.1009
HH,1e+08,100,200,quiescent,4,-64.9981,0.0822435,9.87045,2.505,-55.129,-16.0089,59.1482,-12.3077,3.022,6.09742e+10,16.4004,False,False,nan,nan,nan,0,False,nan,45.0115
HH,3e+08,57.735,1,quiescent,4,-64.9997,1.91134,1.91736,6,-63.0823,-0.599206,1.72841,-5.255,3.022,6.09742e+10,16.4004,False,False,nan,nan,nan,0,True,36.9705,40.0427
HH,3e+08,57.735,5,quiescent,4,-64.9996,7.24118,7.35183,6,-57.6478,-2.85898,7.92587,-19.3628,3.022,6.09742e+10,16.4004,False,False,nan,nan,nan,0,True,27.6548,40.3884
HH,3e+08,57.735,10,quiescent,4,-64.9996,11.314,11.6872,6,-53.3124,-5.3341,14.0825,-29.6286,3.022,6.09742e+10,16.4004,False,False,nan,nan,nan,0,True,19.1785,40.7107
HH,3e+08,57.735,25,quiescent,4,-64.9994,0.0318175,16.5664,4,-48.433,-11.0788,25.8201,-40.7218,3.022,6.09742e+10,16.4004,False,False,nan,nan,nan,0,False,nan,41.3416
HH,3e+08,57.735,50,quiescent,4,-64.9991,0.0422621,17.4008,3,-47.5984,-17.6295,35.429,-44.1794,3.022,6.09742e+10,16.4004,False,False,nan,nan,nan,0,False,nan,41.971
HH,3e+08,57.735,100,quiescent,4,-64.9988,0.0510001,4.01002,2.505,-60.9896,-22.7758,43.5378,-4.08082,3.022,6.09742e+10,16.4004,False,False,nan,nan,nan,0,False,nan,42.744
HH,3e+08,57.735,200,quiescent,4,-64.9984,0.0633335,6.55918,2.505,-58.4404,-24.2095,50.1823,-7.20218,3.022,6.09742e+10,16.4004,False,False,nan,nan,nan,0,False,nan,43.6491
HH,1e+09,31.6228,1,quiescent,4,-64.9997,1.55671,1.55932,6,-63.4404,-0.458317,0.903698,-3.09625,3.022,6.09742e+10,16.4004,False,False,nan,nan,nan,0,True,38.374,39.9899
HH,1e+09,31.6228,5,quiescent,4,-64.9997,6.48648,6.52675,6,-58.4729,-2.24132,4.35063,-12.771,3.022,6.09742e+10,16.4004,False,False,nan,nan,nan,0,True,32.5219,40.1655
HH,1e+09,31.6228,10,quiescent,4,-64.9996,10.773,10.9296,6,-54.07,-4.31384,8.20066,-21.0286,3.022,6.09742e+10,16.4004,False,False,nan,nan,nan,0,True,26.9269,40.3539
HH,1e+09,31.6228,25,quiescent,4,-64.9995,18.4403,19.336,6,-45.6634,-9.52625,17.095,-35.0581,3.022,6.09742e+10,16.4004,False,False,nan,nan,nan,0,False,nan,40.7493
HH,1e+09,31.6228,50,quiescent,4,-64.9993,0.0212377,23.5108,4,-41.4885,-15.8604,26.3652,-42.6234,3.022,6.09742e+10,16.4004,False,False,nan,nan,nan,0,False,nan,41.1581
HH,1e+09,31.6228,100,quiescent,4,-64.999,0.0289225,26.9055,3,-38.0936,-23.7264,35.8496,-49.0391,3.022,6.09742e+10,16.4004,False,False,nan,nan,nan,0,False,nan,41.6615
HH,1e+09,31.6228,200,quiescent,4,-64.9987,0.0349624,4.42882,3.09,-60.571,-29.436,43.3402,-2.82466,3.022,6.09742e+10,16.4004,False,False,nan,nan,nan,0,False,nan,42.2899
HH,3e+09,18.2574,1,quiescent,4,-64.9997,1.17152,1.17288,6,-63.8268,-0.328303,0.507057,-1.85339,3.022,6.09742e+10,16.4004,False,False,nan,nan,nan,0,True,39.1146,39.9668
HH,3e+09,18.2574,5,quiescent,4,-64.9997,5.21245,5.22838,6,-59.7713,-1.62377,2.48844,-8.21737,3.022,6.09742e+10,16.4004,False,False,nan,nan,nan,0,True,35.4619,40.0657
HH,3e+09,18.2574,10,quiescent,4,-64.9997,9.16707,9.22642,7,-55.7732,-3.18244,4.83519,-14.4171,3.022,6.09742e+10,16.4004,False,False,nan,nan,nan,0,True,31.6448,40.1734
HH,3e+09,18.2574,25,quiescent,4,-64.9996,16.9508,17.3654,7,-47.6341,-7.38015,10.9271,-26.5492,3.022,6.09742e+10,16.4004,False,False,nan,nan,nan,0,True,22.9782,40.4388
HH,3e+09,18.2574,50,quiescent,4,-64.9994,24.5102,25.8695,6,-39.1299,-12.9696,18.5082,-37.1767,3.022,6.09742e+10,16.4004,False,False,nan,nan,nan,0,False,nan,40.7304
HH,3e+09,18.2574,100,quiescent,4,-64.9992,0.0134556,23.0045,3,-41.9948,-20.7376,28.0164,-35.2873,3.022,6.09742e+10,16.4004,False,False,nan,nan,nan,0,False,nan,41.0821
HH,3e+09,18.2574,200,quiescent,4,-64.9989,0.0169543,3.73027,3.06,-61.2695,-29.1829,37.3364,-1.03517,3.022,6.09742e+10,16.4004,False,False,nan,nan,nan,0,False,nan,41.4982
HH,1e+10,10,1,quiescent,4,-64.9997,0.76958,0.770423,6,-64.2293,-0.206821,0.268048,-1.02111,3.022,6.09742e+10,16.4004,False,False,nan,nan,nan,0,True,39.5833,39.9537
HH,1e+10,10,5,quiescent,4,-64.9997,3.59841,3.60491,6,-61.3948,-1.02756,1.32894,-4.76799,3.022,6.09742e+10,16.4004,False,False,nan,nan,nan,0,True,37.5089,40.0063
HH,1e+10,10,10,quiescent,4,-64.9997,6.65708,6.67715,7,-58.3225,-2.0355,2.62376,-8.81723,3.022,6.09742e+10,16.4004,False,False,nan,nan,nan,0,True,35.1789,40.0669
HH,1e+10,10,25,quiescent,4,-64.9996,13.586,13.7422,7,-51.2574,-4.90111,6.25308,-18.0047,3.022,6.09742e+10,16.4004,False,False,nan,nan,nan,0,True,29.4334,40.2235
HH,1e+10,10,50,quiescent,4,-64.9995,20.9197,21.5124,7,-43.4871,-9.09962,11.4372,-27.806,3.022,6.09742e+10,16.4004,False,False,nan,nan,nan,0,True,22.1419,40.4303
HH,1e+10,10,100,quiescent,4,-64.9994,29.7439,29.7439,5,-35.2555,-15.6773,19.2256,-37.8245,3.022,6.09742e+10,16.4004,False,False,nan,nan,nan,0,False,nan,40.6999
HH,1e+10,10,200,quiescent,4,-64.9992,0.00830114,27.5136,3,-37.4856,-24.3392,28.8476,-35.8707,3.022,6.09742e+10,16.4004,False,False,nan,nan,nan,0,False,nan,41.0008
HH,3e+10,5.7735,1,quiescent,4,-64.9997,0.471334,0.471769,6,-64.528,-0.123407,0.145249,-0.565173,3.022,6.09742e+10,16.4004,False,False,nan,nan,nan,0,True,39.8338,39.9473
HH,3e+10,5.7735,5,quiescent,4,-64.9997,2.26913,2.27151,6,-62.7282,-0.614447,0.722832,-2.72016,3.022,6.09742e+10,16.4004,False,False,nan,nan,nan,0,True,38.667,39.9759
HH,3e+10,5.7735,10,quiescent,4,-64.9997,4.3367,4.34338,6,-60.6563,-1.2243,1.43806,-5.1965,3.022,6.09742e+10,16.4004,False,False,nan,nan,nan,0,True,37.2912,40.0101
HH,3e+10,5.7735,25,quiescent,4,-64.9997,9.55552,9.60653,7,-55.3931,-3.00443,3.51477,-11.4644,3.022,6.09742e+10,16.4004,False,False,nan,nan,nan,0,True,33.6401,40.1032
HH,3e+10,5.7735,50,quiescent,4,-64.9996,15.9703,16.174,7,-48.8256,-5.78253,6.72787,-19.205,3.022,6.09742e+10,16.4004,False,False,nan,nan,nan,0,True,28.6983,40.2356
HH,3e+10,5.7735,100,quiescent,4,-64.9995,24.1602,24.8984,7,-40.1011,-10.6052,12.209,-29.2668,3.022,6.09742e+10,16.4004,False,False,nan,nan,nan,0,True,20.9746,40.4425
HH,3e+10,5.7735,200,quiescent,4,-64.9994,33.9336,33.9336,5,-31.0658,-17.9233,20.2884,-39.4094,3.022,6.09742e+10,16.4004,False,False,nan,nan,nan,0,False,nan,40.7017
HH,1e+11,3.16228,1,quiescent,4,-64.9997,0.236547,0.236751,6,-64.763,-0.0608355,0.0676908,-0.266718,3.022,6.09742e+10,16.4004,False,False,nan,nan,nan,0,True,39.9916,39.9433
HH,1e+11,3.16228,5,quiescent,4,-64.9997,1.16135,1.16295,6,-63.8368,-0.303885,0.337898,-1.30983,3.022,6.09742e+10,16.4004,False,False,nan,nan,nan,0,True,39.4373,39.9567
HH,1e+11,3.16228,10,quiescent,4,-64.9997,2.27223,2.27416,6,-62.7256,-0.606482,0.673855,-2.56052,3.022,6.09742e+10,16.4004,False,False,nan,nan,nan,0,True,38.7604,39.9731
HH,1e+11,3.16228,25,quiescent,4,-64.9997,5.32995,5.33762,6,-59.6621,-1.50555,1.67147,-6.00611,3.022,6.09742e+10,16.4004,False,False,nan,nan,nan,0,True,36.8466,40.02
HH,1e+11,3.16228,50,quiescent,4,-64.9997,9.6529,9.69941,7,-55.3003,-2.96561,3.28579,-10.9011,3.022,6.09742e+10,16.4004,False,False,nan,nan,nan,0,True,34.0043,40.0913
HH,1e+11,3.16228,100,quiescent,4,-64.9996,16.2432,16.4221,7,-48.5775,-5.71361,6.3074,-18.4023,3.022,6.09742e+10,16.4004,False,False,nan,nan,nan,0,True,29.2793,40.214
HH,1e+11,3.16228,200,quiescent,4,-64.9995,24.7388,25.4012,7,-39.5983,-10.5178,11.5299,-28.2739,3.022,6.09742e+10,16.4004,False,False,nan,nan,nan,0,True,21.9087,40.4097
NavC,1e+06,1000,1,quiescent,4,-66.8228,1.87902,1.96287,7,-64.8599,-1.06551,23.9529,-36.5723,3.022,6.09742e+10,16.4004,False,False,nan,nan,nan,0,True,14.0118,42.2002
NavC,1e+06,1000,5,quiescent,4,-66.8226,0.00609298,3.28614,2.505,-63.5367,-3.72959,52.2398,-0.290138,3.022,6.09742e+10,16.4004,False,False,nan,nan,nan,0,False,nan,44.4604
NavC,1e+06,1000,10,quiescent,4,-66.8224,0.00737517,4.49997,2.505,-62.3228,-4.88087,61.2219,-0.583212,3.022,6.09742e+10,16.4004,False,False,nan,nan,nan,0,False,nan,45.1996
NavC,1e+06,1000,25,quiescent,4,-66.8219,0.00780305,6.84568,2.505,-59.977,-5.33939,67.902,-2.63157,3.022,6.09742e+10,16.4004,False,False,nan,nan,nan,0,False,nan,45.8746
NavC,1e+06,1000,50,quiescent,4,-66.8212,0.00695443,9.05299,2.505,-57.7696,-5.07301,70.2027,-6.05385,3.022,6.09742e+10,16.4004,False,False,nan,nan,nan,0,False,nan,46.2186
NavC,1e+06,1000,100,quiescent,4,-66.8202,0.00518135,11.4755,2.505,-55.3468,-6.93564,72.6738,-8.69106,3.022,6.09742e+10,16.4004,False,False,nan,nan,nan,0,False,nan,46.453
NavC,1e+06,1000,200,quiescent,4,-66.819,0.0030983,13.9116,2.505,-52.9103,-10.1348,74.7015,-9.30573,3.022,6.09742e+10,16.4004,False,False,nan,nan,nan,0,False,nan,46.6131
NavC,3e+06,577.35,1,quiescent,4,-66.8228,1.97451,2.01991,6,-64.8029,-0.895662,17.8232,-26.0425,3.022,6.09742e+10,16.4004,False,False,nan,nan,nan,0,True,18.7721,41.5181
NavC,3e+06,577.35,5,quiescent,4,-66.8226,0.0119904,3.99023,3,-62.8324,-3.4986,45.1577,-37.9822,3.022,6.09742e+10,16.4004,False,False,nan,nan,nan,0,False,nan,43.7456
NavC,3e+06,577.35,10,quiescent,4,-66.8224,0.0156892,4.03516,2.505,-62.7876,-5.55348,55.8924,-1.27893,3.022,6.09742e+10,16.4004,False,False,nan,nan,nan,0,False,nan,44.6613
NavC,3e+06,577.35,25,quiescent,4,-66.822,0.0185088,6.47945,2.505,-60.3433,-6.23931,65.0289,-2.85414,3.022,6.09742e+10,16.4004,False,False,nan,nan,nan,0,False,nan,45.5716
NavC,3e+06,577.35,50,quiescent,4,-66.8213,0.0176671,8.77295,2.505,-58.0496,-5.89458,68.6061,-6.31769,3.022,6.09742e+10,16.4004,False,False,nan,nan,nan,0,False,nan,46.05
NavC,3e+06,577.35,100,quiescent,4,-66.8204,0.0141132,11.2767,2.505,-55.5456,-6.83251,71.3158,-9.09187,3.022,6.09742e+10,16.4004,False,False,nan,nan,nan,0,False,nan,46.3631
NavC,3e+06,577.35,200,quiescent,4,-66.8192,0.00911404,13.7779,2.505,-53.044,-10.054,73.99,-9.70324,3.022,6.09742e+10,16.4004,False,False,nan,nan,nan,0,False,nan,46.5662
NavC,1e+07,316.228,1,quiescent,4,-66.8228,2.08944,2.13354,6,-64.6892,-0.834763,11.0124,-17.652,3.022,6.09742e+10,16.4004,False,False,nan,nan,nan,0,True,25.5683,40.8262
NavC,1e+07,316.228,5,quiescent,4,-66.8226,0.0346473,5.36148,4,-61.4612,-3.41962,33.6065,-41.954,3.022,6.09742e+10,16.4004,False,False,nan,nan,nan,0,False,nan,42.5846
NavC,1e+07,316.228,10,quiescent,4,-66.8225,0.0229578,3.11102,2.505,-63.7118,-6.25436,45.2891,-2.09739,3.022,6.09742e+10,16.4004,False,False,nan,nan,nan,0,False,nan,43.574
NavC,1e+07,316.228,25,quiescent,4,-66.8221,0.0325496,5.55409,2.505,-61.2687,-8.31734,57.7974,-4.5344,3.022,6.09742e+10,16.4004,False,False,nan,nan,nan,0,False,nan,44.8114
NavC,1e+07,316.228,50,quiescent,4,-66.8216,0.0354391,7.97187,2.505,-58.8508,-8.11334,64.0311,-6.62928,3.022,6.09742e+10,16.4004,False,False,nan,nan,nan,0,False,nan,45.5381
NavC,1e+07,316.228,100,quiescent,4,-66.8208,0.0326386,10.6585,2.505,-56.1639,-6.7869,67.9447,-9.99043,3.022,6.09742e+10,16.4004,False,False,nan,nan,nan,0,False,nan,46.0707
NavC,1e+07,316.228,200,quiescent,4,-66.8198,0.0245108,13.3408,2.505,-53.4812,-9.7843,71.6452,-10.8464,3.022,6.09742e+10,16.4004,False,False,nan,nan,nan,0,False,nan,46.4086
NavC,3e+07,182.574,1,quiescent,4,-66.8228,2.15579,2.18273,6,-64.6401,-0.786939,6.28253,-12.5889,3.022,6.09742e+10,16.4004,False,False,nan,nan,nan,0,True,30.8606,40.4021
NavC,3e+07,182.574,5,quiescent,4,-66.8227,6.59261,6.59261,5,-60.2301,-3.3859,22.7359,-34.4408,3.022,6.09742e+10,16.4004,False,False,nan,nan,nan,0,False,nan,41.559
NavC,3e+07,182.574,10,quiescent,4,-66.8225,0.0262053,6.67906,3,-60.1435,-5.95016,33.4563,-35.1251,3.022,6.09742e+10,16.4004,False,False,nan,nan,nan,0,False,nan,42.3767
NavC,3e+07,182.574,25,quiescent,4,-66.8222,0.0359025,4.14324,2.505,-62.6795,-10.943,47.2634,-4.35923,3.022,6.09742e+10,16.4004,False,False,nan,nan,nan,0,False,nan,43.6269
NavC,3e+07,182.574,50,quiescent,4,-66.8219,0.0446011,6.4957,2.505,-60.327,-11.8042,55.8117,-7.33444,3.022,6.09742e+10,16.4004,False,False,nan,nan,nan,0,False,nan,44.5799
NavC,3e+07,182.574,100,quiescent,4,-66.8213,0.0475913,9.32963,2.505,-57.4929,-10.7214,62.332,-10.454,3.022,6.09742e+10,16.4004,False,False,nan,nan,nan,0,False,nan,45.4
NavC,3e+07,182.574,200,quiescent,4,-66.8205,0.0432012,12.2896,2.505,-54.5326,-9.12954,66.8493,-12.6135,3.022,6.09742e+10,16.4004,False,False,nan,nan,nan,0,False,nan,46.005
NavC,1e+08,100,1,quiescent,4,-66.8228,2.10624,2.11835,6,-64.7045,-0.705217,3.18889,-8.19282,3.022,6.09742e+10,16.4004,False,False,nan,nan,nan,0,True,34.7972,40.1466
NavC,1e+08,100,5,quiescent,4,-66.8227,7.22875,7.44926,6,-59.3734,-3.229,13.4347,-26.6028,3.022,6.09742e+10,16.4004,False,False,nan,nan,nan,0,True,20.959,40.7794
NavC,1e+08,100,10,quiescent,4,-66.8226,10.8283,10.8283,5,-55.9943,-5.81102,21.9689,-37.0462,3.022,6.09742e+10,16.4004,False,False,nan,nan,nan,0,False,nan,41.3079
NavC,1e+08,100,25,quiescent,4,-66.8224,0.0310823,11.3958,3,-55.4266,-11.6597,35.1742,-40.4907,3.022,6.09742e+10,16.4004,False,False,nan,nan,nan,0,False,nan,42.2588
NavC,1e+08,100,50,quiescent,4,-66.8221,0.0370403,4.2128,2.505,-62.61,-16.4068,44.386,-4.19903,3.022,6.09742e+10,16.4004,False,False,nan,nan,nan,0,False,nan,43.1419
NavC,1e+08,100,100,quiescent,4,-66.8217,0.0455344,6.78068,2.505,-60.042,-17.4633,52.3328,-7.90315,3.022,6.09742e+10,16.4004,False,False,nan,nan,nan,0,False,nan,44.1009
NavC,1e+08,100,200,quiescent,4,-66.8212,0.048869,9.85847,2.505,-56.9641,-15.9469,59.1482,-12.3122,3.022,6.09742e+10,16.4004,False,False,nan,nan,nan,0,False,nan,45.0115
NavC,3e+08,57.735,1,quiescent,4,-66.8228,1.91123,1.91723,6,-64.9056,-0.598765,1.72839,-5.25501,3.022,6.09742e+10,16.4004,False,False,nan,nan,nan,0,True,36.9705,40.0427
NavC,3e+08,57.735,5,quiescent,4,-66.8227,7.24151,7.35236,6,-59.4704,-2.85676,7.92579,-19.3629,3.022,6.09742e+10,16.4004,False,False,nan,nan,nan,0,True,27.6549,40.3884
NavC,3e+08,57.735,10,quiescent,4,-66.8227,11.317,11.6921,6,-55.1306,-5.32975,14.0824,-29.6289,3.022,6.09742e+10,16.4004,False,False,nan,nan,nan,0,True,19.179,40.7107
NavC,3e+08,57.735,25,quiescent,4,-66.8225,0.02366,16.5848,4,-50.2377,-11.0666,25.8199,-40.722,3.022,6.09742e+10,16.4004,False,False,nan,nan,nan,0,False,nan,41.3416
NavC,3e+08,57.735,50,quiescent,4,-66.8222,0.0264915,17.4385,3,-49.3838,-17.5973,35.4288,-44.1785,3.022,6.09742e+10,16.4004,False,False,nan,nan,nan,0,False,nan,41.971
NavC,3e+08,57.735,100,quiescent,4,-66.8219,0.0311844,4.00633,2.505,-62.8164,-22.722,43.5377,-4.08165,3.022,6.09742e+10,16.4004,False,False,nan,nan,nan,0,False,nan,42.744
NavC,3e+08,57.735,200,quiescent,4,-66.8216,0.0376521,6.55285,2.505,-60.2699,-24.1529,50.1822,-7.20371,3.022,6.09742e+10,16.4004,False,False,nan,nan,nan,0,False,nan,43.6491
NavC,1e+09,31.6228,1,quiescent,4,-66.8228,1.5566,1.55922,6,-65.2636,-0.458064,0.903688,-3.09625,3.022,6.09742e+10,16.4004,False,False,nan,nan,nan,0,True,38.374,39.9899
NavC,1e+09,31.6228,5,quiescent,4,-66.8228,6.48625,6.52661,6,-60.2962,-2.24004,4.35058,-12.771,3.022,6.09742e+10,16.4004,False,False,nan,nan,nan,0,True,32.5219,40.1655
NavC,1e+09,31.6228,10,quiescent,4,-66.8227,10.7734,10.9301,6,-55.8926,-4.31131,8.20059,-21.0287,3.022,6.09742e+10,16.4004,False,False,nan,nan,nan,0,True,26.927,40.3539
NavC,1e+09,31.6228,25,quiescent,4,-66.8226,18.4465,19.3459,6,-47.4767,-9.51984,17.0948,-35.0582,3.022,6.09742e+10,16.4004,False,False,nan,nan,nan,0,False,nan,40.7493
NavC,1e+09,31.6228,50,quiescent,4,-66.8224,0.0161785,23.5276,4,-43.2949,-15.8468,26.365,-42.6234,3.022,6.09742e+10,16.4004,False,False,nan,nan,nan,0,False,nan,41.1581
NavC,1e+09,31.6228,100,quiescent,4,-66.8221,0.0183138,26.9318,3,-39.8904,-23.6963,35.8495,-49.0327,3.022,6.09742e+10,16.4004,False,False,nan,nan,nan,0,False,nan,41.6615
NavC,1e+09,31.6228,200,quiescent,4,-66.8218,0.0214709,4.415,3.09,-62.4079,-29.3937,43.3401,-2.82494,3.022,6.09742e+10,16.4004,False,False,nan,nan,nan,0,False,nan,42.2898
NavC,3e+09,18.2574,1,quiescent,4,-66.8228,1.17144,1.1728,6,-65.65,-0.32817,0.507053,-1.85339,3.022,6.09742e+10,16.4004,False,False,nan,nan,nan,0,True,39.1146,39.9668
NavC,3e+09,18.2574,5,quiescent,4,-66.8228,5.21221,5.22811,6,-61.5947,-1.6231,2.48842,-8.21736,3.022,6.09742e+10,16.4004,False,False,nan,nan,nan,0,True,35.4619,40.0657
NavC,3e+09,18.2574,10,quiescent,4,-66.8228,9.16688,9.22641,7,-57.5963,-3.18109,4.83516,-14.4171,3.022,6.09742e+10,16.4004,False,False,nan,nan,nan,0,True,31.6449,40.1734
NavC,3e+09,18.2574,25,quiescent,4,-66.8227,16.9518,17.3677,7,-49.455,-7.37682,10.927,-26.5491,3.022,6.09742e+10,16.4004,False,False,nan,nan,nan,0,True,22.9783,40.4388
NavC,3e+09,18.2574,50,quiescent,4,-66.8225,24.5163,25.8797,6,-40.9428,-12.963,18.5081,-37.1776,3.022,6.09742e+10,16.4004,False,False,nan,nan,nan,0,False,nan,40.7304
NavC,3e+09,18.2574,100,quiescent,4,-66.8223,0.00902699,23.0127,3,-43.8097,-20.7244,28.0163,-35.2874,3.022,6.09742e+10,16.4004,False,False,nan,nan,nan,0,False,nan,41.0821
NavC,3e+09,18.2574,200,quiescent,4,-66.822,0.0109027,3.72649,3.06,-63.0964,-29.1585,37.3362,-1.03522,3.022,6.09742e+10,16.4004,False,False,nan,nan,nan,0,False,nan,41.4982
NavC,1e+10,10,1,quiescent,4,-66.8228,0.769539,0.770384,6,-66.0524,-0.206763,0.268047,-1.02111,3.022,6.09742e+10,16.4004,False,False,nan,nan,nan,0,True,39.5833,39.9537
NavC,1e+10,10,5,quiescent,4,-66.8228,3.59825,3.60475,6,-63.2181,-1.02728,1.32894,-4.76798,3.022,6.09742e+10,16.4004,False,False,nan,nan,nan,0,True,37.5089,40.0063
NavC,1e+10,10,10,quiescent,4,-66.8228,6.65682,6.67694,7,-60.1458,-2.03492,2.62375,-8.81722,3.022,6.09742e+10,16.4004,False,False,nan,nan,nan,0,True,35.1789,40.0669
NavC,1e+10,10,25,quiescent,4,-66.8227,13.5858,13.7421,7,-53.0806,-4.89972,6.25306,-18.0047,3.022,6.09742e+10,16.4004,False,False,nan,nan,nan,0,True,29.4334,40.2235
NavC,1e+10,10,50,quiescent,4,-66.8226,20.9203,21.5138,7,-45.3088,-9.09682,11.4371,-27.806,3.022,6.09742e+10,16.4004,False,False,nan,nan,nan,0,True,22.142,40.4303
NavC,1e+10,10,100,quiescent,4,-66.8225,29.7478,29.7478,5,-37.0747,-15.6719,19.2255,-37.8245,3.022,6.09742e+10,16.4004,False,False,nan,nan,nan,0,False,nan,40.6999
NavC,1e+10,10,200,quiescent,4,-66.8223,0.00551656,27.5193,3,-39.303,-24.3291,28.8475,-35.8707,3.022,6.09742e+10,16.4004,False,False,nan,nan,nan,0,False,nan,41.0008
NavC,3e+10,5.7735,1,quiescent,4,-66.8228,0.471315,0.471751,6,-66.3511,-0.123384,0.145248,-0.565172,3.022,6.09742e+10,16.4004,False,False,nan,nan,nan,0,True,39.8338,39.9473
NavC,3e+10,5.7735,5,quiescent,4,-66.8228,2.26904,2.27142,6,-64.5514,-0.614329,0.722831,-2.72016,3.022,6.09742e+10,16.4004,False,False,nan,nan,nan,0,True,38.667,39.9759
NavC,3e+10,5.7735,10,quiescent,4,-66.8228,4.33655,4.34323,6,-62.4796,-1.22407,1.43806,-5.1965,3.022,6.09742e+10,16.4004,False,False,nan,nan,nan,0,True,37.2913,40.0101
NavC,3e+10,5.7735,25,quiescent,4,-66.8228,9.55523,9.60628,7,-57.2165,-3.00385,3.51476,-11.4644,3.022,6.09742e+10,16.4004,False,False,nan,nan,nan,0,True,33.6402,40.1032
NavC,3e+10,5.7735,50,quiescent,4,-66.8227,15.9701,16.1739,7,-50.6488,-5.7814,6.72786,-19.205,3.022,6.09742e+10,16.4004,False,False,nan,nan,nan,0,True,28.6984,40.2356
NavC,3e+10,5.7735,100,quiescent,4,-66.8226,24.1606,24.8993,7,-41.9233,-10.6029,12.209,-29.2668,3.022,6.09742e+10,16.4004,False,False,nan,nan,nan,0,True,20.9746,40.4425
NavC,3e+10,5.7735,200,quiescent,4,-66.8225,33.9357,33.9357,5,-32.8868,-17.9191,20.2884,-39.4094,3.022,6.09742e+10,16.4004,False,False,nan,nan,nan,0,False,nan,40.7017
NavC,1e+11,3.16228,1,quiescent,4,-66.8228,0.236539,0.236744,6,-66.5861,-0.0608274,0.0676907,-0.266718,3.022,6.09742e+10,16.4004,False,False,nan,nan,nan,0,True,39.9916,39.9433
NavC,1e+11,3.16228,5,quiescent,4,-66.8228,1.16132,1.16291,6,-65.6599,-0.303845,0.337898,-1.30983,3.022,6.09742e+10,16.4004,False,False,nan,nan,nan,0,True,39.4373,39.9567
NavC,1e+11,3.16228,10,quiescent,4,-66.8228,2.27215,2.27409,6,-64.5487,-0.606402,0.673855,-2.56052,3.022,6.09742e+10,16.4004,False,False,nan,nan,nan,0,True,38.7604,39.9731
NavC,1e+11,3.16228,25,quiescent,4,-66.8228,5.32981,5.33749,6,-61.4853,-1.50535,1.67147,-6.0061,3.022,6.09742e+10,16.4004,False,False,nan,nan,nan,0,True,36.8466,40.02
NavC,1e+11,3.16228,50,quiescent,4,-66.8228,9.65266,9.6992,7,-57.1236,-2.96521,3.28579,-10.9011,3.022,6.09742e+10,16.4004,False,False,nan,nan,nan,0,True,34.0043,40.0913
NavC,1e+11,3.16228,100,quiescent,4,-66.8227,16.2429,16.4219,7,-50.4008,-5.71282,6.30739,-18.4023,3.022,6.09742e+10,16.4004,False,False,nan,nan,nan,0,True,29.2794,40.214
NavC,1e+11,3.16228,200,quiescent,4,-66.8226,24.7387,25.4014,7,-41.4213,-10.5163,11.5298,-28.2739,3.022,6.09742e+10,16.4004,False,False,nan,nan,nan,0,True,21.9087,40.4097
