variant,kind,mode,duration_ms,threshold,threshold_units,charge,v_peak_subthreshold_mV,dv_peak_subthreshold_mV,rest_mV
HH_phi1_gNa120,HH,point,0.02,6.625e-09,A,1.325e-13,12.3562,77.3559,-64.9997
HH_phi1_gNa120,HH,point,0.05,2.6875e-09,A,1.34375e-13,-15.4479,49.5519,-64.9997
HH_phi1_gNa120,HH,point,0.1,1.3625e-09,A,1.3625e-13,-29.7169,35.2828,-64.9997
HH_phi1_gNa120,HH,point,0.2,6.96875e-10,A,1.39375e-13,-39.7267,25.273,-64.9997
HH_phi1_gNa120,HH,point,0.5,2.92969e-10,A,1.46484e-13,-48.1319,16.8678,-64.9997
HH_phi1_gNa120,HH,point,1,1.60937e-10,A,1.60937e-13,-51.3474,13.6523,-64.9997
HH_phi1_gNa120,HH,point,2,9.64844e-11,A,1.92969e-13,-52.737,12.2627,-64.9997
HH_phi1_gNa120,HH,point,5,6.54297e-11,A,3.27148e-13,-52.0067,12.9931,-64.9997
HH_phi1_gNa120,HH,point,20,6.38672e-11,A,1.27734e-12,-53.165,11.8347,-64.9997
HH_phi1_gNa120,HH,uniform,0.02,3.26,A/m^2,6.52e-05,-56.7989,8.2008,-64.9997
HH_phi1_gNa120,HH,uniform,0.05,1.305,A/m^2,6.525e-05,-56.6753,8.3244,-64.9997
HH_phi1_gNa120,HH,uniform,0.1,0.6525,A/m^2,6.525e-05,-56.8703,8.1294,-64.9997
HH_phi1_gNa120,HH,uniform,0.2,0.3275,A/m^2,6.55e-05,-56.6439,8.35584,-64.9997
HH_phi1_gNa120,HH,uniform,0.5,0.133125,A/m^2,6.65625e-05,-56.632,8.36776,-64.9997
HH_phi1_gNa120,HH,uniform,1,0.069375,A/m^2,6.9375e-05,-56.6366,8.36308,-64.9997
HH_phi1_gNa120,HH,uniform,2,0.03875,A/m^2,7.75e-05,-56.0394,8.96031,-64.9997
HH_phi1_gNa120,HH,uniform,5,0.0235938,A/m^2,0.000117969,-55.9813,9.01841,-64.9997
HH_phi1_gNa120,HH,uniform,20,0.0224219,A/m^2,0.000448438,-56.977,8.0227,-64.9997
HH_phi7.8_gNa120,HH,point,0.02,4.5375e-09,A,9.075e-14,-11.9006,53.0991,-64.9997
HH_phi7.8_gNa120,HH,point,0.05,1.875e-09,A,9.375e-14,-29.8754,35.1244,-64.9997
HH_phi7.8_gNa120,HH,point,0.1,9.84375e-10,A,9.84375e-14,-38.1216,26.8781,-64.9997
HH_phi7.8_gNa120,HH,point,0.2,5.39062e-10,A,1.07813e-13,-42.8976,22.1021,-64.9997
HH_phi7.8_gNa120,HH,point,0.5,2.75e-10,A,1.375e-13,-45.1792,19.8205,-64.9997
HH_phi7.8_gNa120,HH,point,1,1.96094e-10,A,1.96094e-13,-43.1977,21.802,-64.9997
HH_phi7.8_gNa120,HH,point,2,1.82031e-10,A,3.64063e-13,-38.3625,26.6372,-64.9997
HH_phi7.8_gNa120,HH,point,5,1.82031e-10,A,9.10156e-13,-38.3625,26.6372,-64.9997
HH_phi7.8_gNa120,HH,point,20,1.82031e-10,A,3.64063e-12,-38.3625,26.6372,-64.9997
HH_phi7.8_gNa120,HH,uniform,0.02,4.38,A/m^2,8.76e-05,-6.06522,58.9345,-64.9997
HH_phi7.8_gNa120,HH,uniform,0.05,1.76,A/m^2,8.8e-05,-5.39124,59.6085,-64.9997
HH_phi7.8_gNa120,HH,uniform,0.1,0.8875,A/m^2,8.875e-05,-5.44348,59.5562,-64.9997
HH_phi7.8_gNa120,HH,uniform,0.2,0.455,A/m^2,9.1e-05,-5.38552,59.6142,-64.9997
HH_phi7.8_gNa120,HH,uniform,0.5,0.20125,A/m^2,0.000100625,-5.00943,59.9903,-64.9997
HH_phi7.8_gNa120,HH,uniform,1,0.125625,A/m^2,0.000125625,-3.87138,61.1283,-64.9997
HH_phi7.8_gNa120,HH,uniform,2,0.105625,A/m^2,0.00021125,-6.85197,58.1478,-64.9997
HH_phi7.8_gNa120,HH,uniform,5,0.10375,A/m^2,0.00051875,-9.23086,55.7689,-64.9997
HH_phi7.8_gNa120,HH,uniform,20,0.10375,A/m^2,0.002075,-9.23086,55.7689,-64.9997
HH_phi1_gNa600,HH,point,0.02,5.425e-09,A,1.085e-13,-2.81719,62.1825,-64.9997
HH_phi1_gNa600,HH,point,0.05,2.23125e-09,A,1.11563e-13,-25.5698,39.4299,-64.9997
HH_phi1_gNa600,HH,point,0.1,1.14375e-09,A,1.14375e-13,-37.5393,27.4605,-64.9997
HH_phi1_gNa600,HH,point,0.2,5.92187e-10,A,1.18437e-13,-45.9573,19.0424,-64.9997
HH_phi1_gNa600,HH,point,0.5,2.59375e-10,A,1.29687e-13,-52.3656,12.6341,-64.9997
HH_phi1_gNa600,HH,point,1,1.51563e-10,A,1.51563e-13,-54.4019,10.5978,-64.9997
HH_phi1_gNa600,HH,point,2,1.03516e-10,A,2.07031e-13,-54.7455,10.2542,-64.9997
HH_phi1_gNa600,HH,point,5,9.02344e-11,A,4.51172e-13,-56.3559,8.6438,-64.9997
HH_phi1_gNa600,HH,point,20,9.02344e-11,A,1.80469e-12,-56.3559,8.6438,-64.9997
HH_phi1_gNa600,HH,uniform,0.02,4.32,A/m^2,8.64e-05,-56.697,8.30274,-64.9997
HH_phi1_gNa600,HH,uniform,0.05,1.73,A/m^2,8.65e-05,-57.0691,7.9306,-64.9997
HH_phi1_gNa600,HH,uniform,0.1,0.87,A/m^2,8.7e-05,-57.5716,7.42808,-64.9997
HH_phi1_gNa600,HH,uniform,0.2,0.43875,A/m^2,8.775e-05,-58.335,6.66474,-64.9997
HH_phi1_gNa600,HH,uniform,0.5,0.184375,A/m^2,9.21875e-05,-59.0605,5.93926,-64.9997
HH_phi1_gNa600,HH,uniform,1,0.102813,A/m^2,0.000102812,-58.944,6.05571,-64.9997
HH_phi1_gNa600,HH,uniform,2,0.0665625,A/m^2,0.000133125,-58.6691,6.3306,-64.9997
HH_phi1_gNa600,HH,uniform,5,0.05625,A/m^2,0.00028125,-59.2855,5.71425,-64.9997
HH_phi1_gNa600,HH,uniform,20,0.05625,A/m^2,0.001125,-59.2855,5.71425,-64.9997
HH_phi5_gNa600,HH,point,0.02,3.05e-09,A,6.1e-14,-29.9383,35.0614,-64.9997
HH_phi5_gNa600,HH,point,0.05,1.25625e-09,A,6.28125e-14,-42.3543,22.6454,-64.9997
HH_phi5_gNa600,HH,point,0.1,6.5625e-10,A,6.5625e-14,-48.1417,16.858,-64.9997
HH_phi5_gNa600,HH,point,0.2,3.59375e-10,A,7.1875e-14,-51.4008,13.5989,-64.9997
HH_phi5_gNa600,HH,point,0.5,1.89063e-10,A,9.45313e-14,-52.8324,12.1673,-64.9997
HH_phi5_gNa600,HH,point,1,1.46484e-10,A,1.46484e-13,-51.9766,13.0232,-64.9997
HH_phi5_gNa600,HH,point,2,1.42969e-10,A,2.85937e-13,-53.0595,11.9402,-64.9997
HH_phi5_gNa600,HH,point,5,1.42969e-10,A,7.14844e-13,-53.0595,11.9402,-64.9997
HH_phi5_gNa600,HH,point,20,1.42969e-10,A,2.85937e-12,-53.0595,11.9402,-64.9997
HH_phi5_gNa600,HH,uniform,0.02,3.27,A/m^2,6.54e-05,-56.8202,8.1795,-64.9997
HH_phi5_gNa600,HH,uniform,0.05,1.315,A/m^2,6.575e-05,-56.71,8.28967,-64.9997
HH_phi5_gNa600,HH,uniform,0.1,0.6675,A/m^2,6.675e-05,-56.3824,8.61735,-64.9997
HH_phi5_gNa600,HH,uniform,0.2,0.3475,A/m^2,6.95e-05,-56.6992,8.30052,-64.9997
HH_phi5_gNa600,HH,uniform,0.5,0.165,A/m^2,8.25e-05,-56.6496,8.35014,-64.9997
HH_phi5_gNa600,HH,uniform,1,0.117812,A/m^2,0.000117812,-56.5819,8.41782,-64.9997
HH_phi5_gNa600,HH,uniform,2,0.112187,A/m^2,0.000224375,-57.0519,7.94785,-64.9997
HH_phi5_gNa600,HH,uniform,5,0.112187,A/m^2,0.000560938,-57.0519,7.94785,-64.9997
HH_phi5_gNa600,HH,uniform,20,0.112187,A/m^2,0.00224375,-57.0519,7.94785,-64.9997
HH_phi10_gNa1200,HH,point,0.02,2.20625e-09,A,4.4125e-14,-39.9281,25.0717,-64.9997
HH_phi10_gNa1200,HH,point,0.05,9.28125e-10,A,4.64063e-14,-48.1859,16.8139,-64.9997
HH_phi10_gNa1200,HH,point,0.1,5.09375e-10,A,5.09375e-14,-51.3902,13.6095,-64.9997
HH_phi10_gNa1200,HH,point,0.2,3.05469e-10,A,6.10938e-14,-52.7695,12.2302,-64.9997
HH_phi10_gNa1200,HH,point,0.5,2.07812e-10,A,1.03906e-13,-51.6895,13.3103,-64.9997
HH_phi10_gNa1200,HH,point,1,2.02344e-10,A,2.02344e-13,-53.0078,11.9919,-64.9997
HH_phi10_gNa1200,HH,point,2,2.02344e-10,A,4.04688e-13,-53.0078,11.9919,-64.9997
HH_phi10_gNa1200,HH,point,5,2.02344e-10,A,1.01172e-12,-53.0078,11.9919,-64.9997
HH_phi10_gNa1200,HH,point,20,2.02344e-10,A,4.04687e-12,-53.0078,11.9919,-64.9997
HH_phi10_gNa1200,HH,uniform,0.02,3.28,A/m^2,6.56e-05,-57.1002,7.89956,-64.9997
HH_phi10_gNa1200,HH,uniform,0.05,1.335,A/m^2,6.675e-05,-56.8672,8.13256,-64.9997
HH_phi10_gNa1200,HH,uniform,0.1,0.695,A/m^2,6.95e-05,-57.0259,7.97382,-64.9997
HH_phi10_gNa1200,HH,uniform,0.2,0.3875,A/m^2,7.75e-05,-56.9726,8.02713,-64.9997
HH_phi10_gNa1200,HH,uniform,0.5,0.23625,A/m^2,0.000118125,-56.3586,8.64108,-64.9997
HH_phi10_gNa1200,HH,uniform,1,0.225,A/m^2,0.000225,-56.7538,8.24597,-64.9997
HH_phi10_gNa1200,HH,uniform,2,0.225,A/m^2,0.00045,-56.7538,8.24597,-64.9997
HH_phi10_gNa1200,HH,uniform,5,0.225,A/m^2,0.001125,-56.7538,8.24597,-64.9997
HH_phi10_gNa1200,HH,uniform,20,0.225,A/m^2,0.0045,-56.7538,8.24597,-64.9997
NavC_tm8_1.5ms_g18_2000,NavC,point,0.02,2.13e-08,A,4.26e-13,181.696,248.519,-66.8228
NavC_tm8_1.5ms_g18_2000,NavC,point,0.05,8.35e-09,A,4.175e-13,86.6856,153.508,-66.8228
NavC_tm8_1.5ms_g18_2000,NavC,point,0.1,4.1e-09,A,4.1e-13,38.5048,105.328,-66.8228
NavC_tm8_1.5ms_g18_2000,NavC,point,0.2,2.09375e-09,A,4.1875e-13,7.63137,74.4542,-66.8228
NavC_tm8_1.5ms_g18_2000,NavC,point,0.5,1.02188e-09,A,5.10938e-13,-12.387,54.4359,-66.8228
NavC_tm8_1.5ms_g18_2000,NavC,point,1,7e-10,A,7e-13,-19.0678,47.755,-66.8228
NavC_tm8_1.5ms_g18_2000,NavC,point,2,5.78125e-10,A,1.15625e-12,-22.3322,44.4906,-66.8228
NavC_tm8_1.5ms_g18_2000,NavC,point,5,5.64062e-10,A,2.82031e-12,-30.913,35.9098,-66.8228
NavC_tm8_1.5ms_g18_2000,NavC,point,20,5.64062e-10,A,1.12812e-11,-30.913,35.9098,-66.8228
NavC_tm8_1.5ms_g18_2000,NavC,uniform,0.02,20.56,A/m^2,0.0004112,-26.194,40.6289,-66.8228
NavC_tm8_1.5ms_g18_2000,NavC,uniform,0.05,8.32,A/m^2,0.000416,-26.1792,40.6436,-66.8228
NavC_tm8_1.5ms_g18_2000,NavC,uniform,0.1,4.24,A/m^2,0.000424,-26.1874,40.6354,-66.8228
NavC_tm8_1.5ms_g18_2000,NavC,uniform,0.2,2.19,A/m^2,0.000438,-26.5111,40.3118,-66.8228
NavC_tm8_1.5ms_g18_2000,NavC,uniform,0.5,0.98,A/m^2,0.00049,-27.5358,39.287,-66.8228
NavC_tm8_1.5ms_g18_2000,NavC,uniform,1,0.6125,A/m^2,0.0006125,-29.5791,37.2437,-66.8228
NavC_tm8_1.5ms_g18_2000,NavC,uniform,2,0.49875,A/m^2,0.0009975,-32.3692,34.4536,-66.8228
NavC_tm8_1.5ms_g18_2000,NavC,uniform,5,0.4925,A/m^2,0.0024625,-35.6116,31.2112,-66.8228
NavC_tm8_1.5ms_g18_2000,NavC,uniform,20,0.4925,A/m^2,0.00985,-35.6116,31.2112,-66.8228
NavC_tm8_0.05ms_g18_2000,NavC,point,0.02,5.325e-09,A,1.065e-13,-4.08808,62.7347,-66.8228
NavC_tm8_0.05ms_g18_2000,NavC,point,0.05,2.55e-09,A,1.275e-13,-18.332,48.4908,-66.8228
NavC_tm8_0.05ms_g18_2000,NavC,point,0.1,1.55625e-09,A,1.55625e-13,-24.3589,42.4639,-66.8228
NavC_tm8_0.05ms_g18_2000,NavC,point,0.2,9.84375e-10,A,1.96875e-13,-28.6755,38.1473,-66.8228
NavC_tm8_0.05ms_g18_2000,NavC,point,0.5,5.84375e-10,A,2.92188e-13,-31.8795,34.9433,-66.8228
NavC_tm8_0.05ms_g18_2000,NavC,point,1,4.35937e-10,A,4.35937e-13,-34.0529,32.7699,-66.8228
NavC_tm8_0.05ms_g18_2000,NavC,point,2,3.9375e-10,A,7.875e-13,-38.7618,28.061,-66.8228
NavC_tm8_0.05ms_g18_2000,NavC,point,5,3.9375e-10,A,1.96875e-12,-38.7618,28.061,-66.8228
NavC_tm8_0.05ms_g18_2000,NavC,point,20,3.9375e-10,A,7.875e-12,-38.7618,28.061,-66.8228
NavC_tm8_0.05ms_g18_2000,NavC,uniform,0.02,12.84,A/m^2,0.0002568,-41.4489,25.3739,-66.8228
NavC_tm8_0.05ms_g18_2000,NavC,uniform,0.05,5.18,A/m^2,0.000259,-41.5133,25.3095,-66.8228
NavC_tm8_0.05ms_g18_2000,NavC,uniform,0.1,2.62,A/m^2,0.000262,-41.687,25.1358,-66.8228
NavC_tm8_0.05ms_g18_2000,NavC,uniform,0.2,1.35,A/m^2,0.00027,-41.8372,24.9857,-66.8228
NavC_tm8_0.05ms_g18_2000,NavC,uniform,0.5,0.6,A/m^2,0.0003,-41.8311,24.9917,-66.8228
NavC_tm8_0.05ms_g18_2000,NavC,uniform,1,0.3675,A/m^2,0.0003675,-41.3916,25.4312,-66.8228
NavC_tm8_0.05ms_g18_2000,NavC,uniform,2,0.2975,A/m^2,0.000595,-42.3837,24.4391,-66.8228
NavC_tm8_0.05ms_g18_2000,NavC,uniform,5,0.2975,A/m^2,0.0014875,-42.3837,24.4391,-66.8228
NavC_tm8_0.05ms_g18_2000,NavC,uniform,20,0.2975,A/m^2,0.00595,-42.3837,24.4391,-66.8228
NavC_tm8_0.15ms_g18_20000,NavC,point,0.02,6.625e-09,A,1.325e-13,6.98726,73.8101,-66.8228
NavC_tm8_0.15ms_g18_20000,NavC,point,0.05,3.225e-09,A,1.6125e-13,-12.6694,54.1535,-66.8228
NavC_tm8_0.15ms_g18_20000,NavC,point,0.1,2.2e-09,A,2.2e-13,-19.4325,47.3903,-66.8228
NavC_tm8_0.15ms_g18_20000,NavC,point,0.2,1.8125e-09,A,3.625e-13,-22.9782,43.8446,-66.8228
NavC_tm8_0.15ms_g18_20000,NavC,point,0.5,1.76875e-09,A,8.84375e-13,-31.0008,35.822,-66.8228
NavC_tm8_0.15ms_g18_20000,NavC,point,1,1.76875e-09,A,1.76875e-12,-31.0008,35.822,-66.8228
NavC_tm8_0.15ms_g18_20000,NavC,point,2,1.76875e-09,A,3.5375e-12,-31.0008,35.822,-66.8228
NavC_tm8_0.15ms_g18_20000,NavC,point,5,1.76875e-09,A,8.84375e-12,-31.0008,35.822,-66.8228
NavC_tm8_0.15ms_g18_20000,NavC,point,20,1.76875e-09,A,3.5375e-11,-31.0008,35.822,-66.8228
NavC_tm8_0.15ms_g18_20000,NavC,uniform,0.02,22,A/m^2,0.00044,-26.483,40.3398,-66.8228
NavC_tm8_0.15ms_g18_20000,NavC,uniform,0.05,9.84,A/m^2,0.000492,-27.5162,39.3066,-66.8228
NavC_tm8_0.15ms_g18_20000,NavC,uniform,0.1,6.14,A/m^2,0.000614,-29.5998,37.2231,-66.8228
NavC_tm8_0.15ms_g18_20000,NavC,uniform,0.2,5,A/m^2,0.001,-32.1189,34.7039,-66.8228
NavC_tm8_0.15ms_g18_20000,NavC,uniform,0.5,4.94,A/m^2,0.00247,-35.557,31.2658,-66.8228
NavC_tm8_0.15ms_g18_20000,NavC,uniform,1,4.94,A/m^2,0.00494,-35.557,31.2658,-66.8228
NavC_tm8_0.15ms_g18_20000,NavC,uniform,2,4.94,A/m^2,0.00988,-35.557,31.2658,-66.8228
NavC_tm8_0.15ms_g18_20000,NavC,uniform,5,4.94,A/m^2,0.0247,-35.557,31.2658,-66.8228
NavC_tm8_0.15ms_g18_20000,NavC,uniform,20,4.94,A/m^2,0.0988,-35.557,31.2658,-66.8228
