variant,kind,n_abeta,kappa,c_bias,closed_loop_dv_mV,open_loop_dv_alpha1_mV,alpha_star,ue_min_mV,ue_max_mV
HH_phi1_gNa120,HH,1,1e+09,0,1.55932,1.55933,42,-3.09625,0.903698
HH_phi1_gNa120,HH,10,1e+09,0,10.9296,10.9297,6.1875,-21.0286,8.20066
HH_phi1_gNa120,HH,25,1e+09,0,19.336,19.3363,4.4375,-35.0581,17.095
HH_phi1_gNa120,HH,50,1e+09,0,23.5108,23.5112,3.65625,-42.6234,26.3652
HH_phi1_gNa120,HH,100,1e+09,0,26.9055,26.9061,3.05469,-49.0391,35.8496
HH_phi7.8_gNa120,HH,1,1e+09,0,1.55938,1.55939,41.875,-3.09624,0.903711
HH_phi7.8_gNa120,HH,10,1e+09,0,10.9346,10.9347,5.71875,-21.0287,8.20076
HH_phi7.8_gNa120,HH,25,1e+09,0,19.3905,19.3907,2.08594,-35.0595,17.0951
HH_phi7.8_gNa120,HH,50,1e+09,0,23.6537,23.6541,1.61719,-42.6245,26.3654
HH_phi7.8_gNa120,HH,100,1e+09,0,27.311,27.3116,1.31641,-49.0437,35.8498
HH_phi1_gNa600,HH,1,1e+09,0,1.54511,1.54512,42.375,-3.09588,0.903414
HH_phi1_gNa600,HH,10,1e+09,0,10.8165,10.8166,6.25,-21.0265,8.19847
HH_phi1_gNa600,HH,25,1e+09,0,19.1372,19.1374,2.86719,-35.0554,17.091
HH_phi1_gNa600,HH,50,1e+09,0,23.3245,23.3249,2.27344,-42.6184,26.3601
HH_phi1_gNa600,HH,100,1e+09,0,26.847,26.8476,1.92969,-48.9314,35.8446
HH_phi5_gNa600,HH,1,1e+09,0,1.54478,1.54479,31.25,-3.09583,0.903459
HH_phi5_gNa600,HH,10,1e+09,0,10.8202,10.8203,3.5,-21.0266,8.19879
HH_phi5_gNa600,HH,25,1e+09,0,19.2331,19.2333,1.25781,-35.0595,17.0915
HH_phi5_gNa600,HH,50,1e+09,0,103.423,103.424,1,-42.6214,26.3607
HH_phi5_gNa600,HH,100,1e+09,0,103.816,103.817,1,-48.945,35.8452
HH_phi10_gNa1200,HH,1,1e+09,0,1.52976,1.52977,17.875,-3.09536,0.903219
HH_phi10_gNa1200,HH,10,1e+09,0,10.7642,10.7643,2.01562,-21.0256,8.19684
HH_phi10_gNa1200,HH,25,1e+09,0,106.816,106.816,1,-35.0792,17.0878
HH_phi10_gNa1200,HH,50,1e+09,0,106.809,106.809,1,-42.6326,26.3558
HH_phi10_gNa1200,HH,100,1e+09,0,107.761,107.762,1,-48.8449,35.8403
NavC_tm8_1.5ms_g18_2000,NavC,1,1e+09,0,1.55922,1.55923,43.25,-3.09625,0.903688
NavC_tm8_1.5ms_g18_2000,NavC,10,1e+09,0,10.9301,10.9302,6.375,-21.0287,8.20059
NavC_tm8_1.5ms_g18_2000,NavC,25,1e+09,0,19.3459,19.3461,4.5625,-35.0582,17.0948
NavC_tm8_1.5ms_g18_2000,NavC,50,1e+09,0,23.5276,23.528,50.25,-42.6234,26.365
NavC_tm8_1.5ms_g18_2000,NavC,100,1e+09,0,26.9318,26.9324,20.125,-49.0327,35.8495
NavC_tm8_0.05ms_g18_2000,NavC,1,1e+09,0,1.55922,1.55923,32.375,-3.09625,0.903688
NavC_tm8_0.05ms_g18_2000,NavC,10,1e+09,0,10.9301,10.9302,4.03125,-21.0287,8.20059
NavC_tm8_0.05ms_g18_2000,NavC,25,1e+09,0,19.346,19.3463,2,-35.0582,17.0948
NavC_tm8_0.05ms_g18_2000,NavC,50,1e+09,0,23.5289,23.5293,1.60156,-42.6234,26.365
NavC_tm8_0.05ms_g18_2000,NavC,100,1e+09,0,26.9405,26.9411,1.37109,-49.0327,35.8495
NavC_tm8_0.15ms_g18_20000,NavC,1,1e+09,0,1.5264,1.52641,37.125,-3.09544,0.902964
NavC_tm8_0.15ms_g18_20000,NavC,10,1e+09,0,10.6892,10.6893,4.46875,-21.0241,8.19502
NavC_tm8_0.15ms_g18_20000,NavC,25,1e+09,0,19.0025,19.0027,2.17969,-35.0502,17.0848
NavC_tm8_0.15ms_g18_20000,NavC,50,1e+09,0,23.2861,23.2864,1.72656,-42.6103,26.3522
NavC_tm8_0.15ms_g18_20000,NavC,100,1e+09,0,27.0456,27.0461,1.44141,-48.7807,35.8371
NavC_tm8_1.5ms_g18_2000,NavC,25,1e+09,1,19.1346,19.1348,3.60938,-35.0549,17.089
NavC_tm8_1.5ms_g18_2000,NavC,25,1e+09,2,18.942,18.9422,3.29688,-35.0503,17.0849
NavC_tm8_1.5ms_g18_2000,NavC,25,1e+09,3,18.753,18.7532,3.07812,-35.0451,17.0815
NavC_tm8_1.5ms_g18_2000,NavC,100,1e+09,1,26.9857,26.9863,17.125,-48.8671,35.8419
NavC_tm8_1.5ms_g18_2000,NavC,100,1e+09,2,26.827,26.8275,15.1875,-48.7649,35.8368
NavC_tm8_1.5ms_g18_2000,NavC,100,1e+09,3,26.6078,26.6083,11.3125,-48.6844,35.8324
HH_phi1_gNa120,HH,25,1e+09,0.03,19.3192,19.3195,4.29688,-35.0579,17.0947
HH_phi1_gNa120,HH,25,1e+09,0.05,19.3077,19.308,4.20312,-35.0578,17.0946
HH_phi1_gNa120,HH,100,1e+09,0.03,26.8975,26.8981,2.88281,-49.0303,35.8493
HH_phi1_gNa120,HH,100,1e+09,0.05,26.8894,26.89,2.79688,-49.0268,35.8491
