model,n_abeta,jitter_ms,K,dz_um,status,t_end_ms,v2_rest_mV,dv_mid_mV,dv_lesion_mV,dv_lesion_z_mm,v2_peak_lesion_mV,hyp_lesion_mV,ue_max_mV,ue_min_mV,stim_nA,r_e,A_e_um2,c_spike,c_overshoot,c_init_z_mm,c_init_t_ms,c_cv,c_span_mm,ab_conducts,ab_cv_lesion,ab_cv_free
NavC,10,0,1,20,quiescent,4,-66.8227,10.1072,10.2511,6,-56.5716,-3.96565,7.89798,-20.3712,3.022,6.09742e+10,16.4004,False,False,nan,nan,nan,0,True,27.3661,40.3418
NavC,10,0.05,3,20,quiescent,4,-66.8227,10.2134,10.3933,6,-56.4295,-2.60747,4.94583,-20.0912,3.022,6.09742e+10,16.4004,False,False,nan,nan,nan,0,True,34.0788,40.4574
NavC,10,0.1,5,20,quiescent,4,-66.8227,6.2689,7.26522,7,-59.5575,-1.79207,2.57269,-12.3981,3.022,6.09742e+10,16.4004,False,False,nan,nan,nan,0,True,43.6647,40.0091
NavC,10,0.2,9,20,quiescent,4,-66.8227,2.92522,3.10213,7,-63.7206,-1.60424,2.34117,-4.9638,3.022,6.09742e+10,16.4004,False,False,nan,nan,nan,0,True,42.0664,39.3615
NavC,10,0.3,13,20,quiescent,4,-66.8227,1.95247,2.00899,6,-64.8137,-1.33244,1.9403,-3.13984,3.022,6.09742e+10,16.4004,False,False,nan,nan,nan,0,True,40.4613,39.2534
NavC,10,0.5,21,20,quiescent,4,-66.8227,1.18623,1.19956,6,-65.6232,-0.907051,1.28145,-1.8186,3.022,6.09742e+10,16.4004,False,False,nan,nan,nan,0,True,40.1374,39.5297
NavC,10,0.75,31,20,quiescent,4,-66.8227,0.805193,0.805193,5,-66.0175,-0.623672,0.867922,-1.19328,3.022,6.09742e+10,16.4004,False,False,nan,nan,nan,0,True,40.1058,39.8339
NavC,10,1,41,20,quiescent,4,-66.8227,0.609221,0.609221,5,-66.2135,-0.473658,0.65589,-0.887755,3.022,6.09742e+10,16.4004,False,False,nan,nan,nan,0,True,40.1584,39.9383
NavC,10,1.5,61,20,quiescent,4,-66.8227,0.409766,0.409766,5,-66.413,-0.319934,0.441481,-0.589647,3.022,6.09742e+10,16.4004,False,False,nan,nan,nan,0,True,40.1688,39.9371
NavC,10,2,81,20,quiescent,4.201,-66.8227,0.308716,0.308716,5,-66.514,-0.241425,0.332773,-0.443062,3.022,6.09742e+10,16.4004,False,False,nan,nan,nan,0,True,40.1624,39.9305
NavC,25,0,1,20,quiescent,4,-66.8226,17.5043,18.8951,7,-47.9275,-8.86853,16.5649,-34.4073,3.022,6.09742e+10,16.4004,False,False,nan,nan,nan,0,True,13.2323,40.7329
NavC,25,0.05,3,20,quiescent,4,-66.8226,17.7668,17.8854,6,-48.9371,-6.64752,10.5216,-33.9197,3.022,6.09742e+10,16.4004,False,False,nan,nan,nan,0,True,19.245,40.9882
NavC,25,0.1,5,20,quiescent,4,-66.8226,18.1764,19.1323,6,-47.6903,-4.13139,6.43945,-34.2022,3.022,6.09742e+10,16.4004,False,False,nan,nan,nan,0,True,34.5935,40.3321
NavC,25,0.2,9,20,quiescent,4,-66.8226,7.36602,8.34817,7,-58.4744,-3.41348,5.00288,-14.2387,3.022,6.09742e+10,16.4004,False,False,nan,nan,nan,0,True,50.294,38.798
NavC,25,0.3,13,20,quiescent,4,-66.8226,4.64123,5.13194,7,-61.6907,-2.79245,3.96609,-8.02086,3.022,6.09742e+10,16.4004,False,False,nan,nan,nan,0,True,40.3156,38.5047
NavC,25,0.5,21,20,quiescent,4,-66.8226,2.67817,2.80731,6,-64.0153,-1.90664,2.6285,-4.16549,3.022,6.09742e+10,16.4004,False,False,nan,nan,nan,0,True,40.1692,39.061
NavC,25,0.75,31,20,quiescent,4,-66.8226,1.78406,1.81902,6,-65.0036,-1.30624,1.77484,-2.66444,3.022,6.09742e+10,16.4004,False,False,nan,nan,nan,0,True,40.0889,39.7005
NavC,25,1,41,20,quiescent,4,-66.8226,1.34681,1.35381,6,-65.4688,-0.989603,1.33906,-1.95452,3.022,6.09742e+10,16.4004,False,False,nan,nan,nan,0,True,40.1931,39.9243
NavC,25,1.5,61,20,quiescent,4,-66.8226,0.904007,0.906881,6,-65.9157,-0.668073,0.901575,-1.28744,3.022,6.09742e+10,16.4004,False,False,nan,nan,nan,0,True,40.2163,39.9329
NavC,25,2,81,20,quiescent,4.201,-66.8226,0.680227,0.681955,6,-66.1406,-0.504166,0.679783,-0.961548,3.022,6.09742e+10,16.4004,False,False,nan,nan,nan,0,True,40.2024,39.9179
NavC,50,0,1,20,quiescent,4,-66.8224,0.0165992,22.3577,4,-44.4647,-14.9569,25.7387,-41.6594,3.022,6.09742e+10,16.4004,False,False,nan,nan,nan,0,False,nan,41.1406
NavC,50,0.05,3,20,quiescent,4,-66.8224,24.6985,24.6985,5,-42.124,-11.041,16.1047,-44.4712,3.022,6.09742e+10,16.4004,False,False,nan,nan,nan,0,False,nan,41.5529
NavC,50,0.1,5,20,quiescent,4,-66.8224,25.6348,25.6348,5,-41.1876,-9.76408,13.7787,-45.4824,3.022,6.09742e+10,16.4004,False,False,nan,nan,nan,0,False,nan,40.9381
NavC,50,0.2,9,20,quiescent,4,-66.8224,13.9632,17.5032,7,-49.3192,-5.657,8.44185,-27.807,3.022,6.09742e+10,16.4004,False,False,nan,nan,nan,0,True,62.2498,38.3424
NavC,50,0.3,13,20,quiescent,4,-66.8224,8.07966,9.66716,7,-57.1553,-4.53412,6.58721,-14.9483,3.022,6.09742e+10,16.4004,False,False,nan,nan,nan,0,True,39.6701,37.6882
NavC,50,0.5,21,20,quiescent,4,-66.8224,4.57646,4.9348,7,-61.8876,-3.12346,4.40498,-7.52481,3.022,6.09742e+10,16.4004,False,False,nan,nan,nan,0,True,40.2008,38.5096
NavC,50,0.75,31,20,quiescent,4,-66.8224,3.02653,3.11842,6,-63.704,-2.12104,2.9383,-4.59021,3.022,6.09742e+10,16.4004,False,False,nan,nan,nan,0,True,40.0417,39.5041
NavC,50,1,41,20,quiescent,4,-66.8224,2.26907,2.31569,6,-64.5067,-1.59678,2.1981,-3.32483,3.022,6.09742e+10,16.4004,False,False,nan,nan,nan,0,True,40.2154,39.8891
NavC,50,1.5,61,20,quiescent,4,-66.8224,1.51472,1.53669,6,-65.2857,-1.07291,1.46976,-2.15223,3.022,6.09742e+10,16.4004,False,False,nan,nan,nan,0,True,40.2632,39.9272
NavC,50,2,81,20,quiescent,4.201,-66.8224,1.14128,1.15108,6,-65.6713,-0.808092,1.10437,-1.59398,3.022,6.09742e+10,16.4004,False,False,nan,nan,nan,0,True,40.2452,39.9014
HH,25,0,1,20,quiescent,4,-64.9995,17.5008,18.8824,7,-46.1171,-8.87589,16.5651,-34.4067,3.022,6.09742e+10,16.4004,False,False,nan,nan,nan,0,True,13.2301,40.7329
HH,25,0.5,21,20,quiescent,4,-64.9995,2.68101,2.81016,6,-62.1893,-1.89169,2.62826,-4.16553,3.022,6.09742e+10,16.4004,False,False,nan,nan,nan,0,True,40.1693,39.0609
HH,25,1.5,61,20,quiescent,4,-64.9995,0.905693,0.908599,6,-64.0909,-0.666517,0.901561,-1.28747,3.022,6.09742e+10,16.4004,False,False,nan,nan,nan,0,True,40.2164,39.9329
