model,n_abeta,freq_Hz,n_pulses,c_spike,c_init_z_mm,status,dv_max_all_mV,ab_conducts_last,dv_pulse1_mV,dv_pulse2_mV,dv_pulse3_mV,dv_pulse4_mV,dv_pulse5_mV
HH,1,50,5,False,nan,quiescent,1.55612,True,1.55612,1.55611,1.55611,1.55611,1.55611
HH,1,100,5,False,nan,quiescent,1.55612,True,1.55612,1.55608,1.55608,1.55608,1.55608
HH,1,200,5,False,nan,quiescent,1.55612,True,1.55612,1.556,1.55596,1.55595,1.55595
HH,1,400,5,False,nan,quiescent,1.55612,True,1.55612,1.5559,1.55578,1.55571,1.55568
HH,10,50,5,False,nan,quiescent,10.9135,True,10.9135,10.9135,10.9135,10.9135,10.9135
HH,10,100,5,False,nan,quiescent,10.9135,True,10.9135,10.9131,10.9131,10.9131,10.9131
HH,10,200,5,False,nan,quiescent,10.9135,True,10.9135,10.9117,10.9112,10.9112,10.9111
HH,10,400,5,False,nan,quiescent,10.9135,True,10.9135,10.9111,10.9092,10.9081,10.9077
HH,25,50,5,False,nan,quiescent,19.3197,False,19.3197,19.3193,19.3192,19.3192,19.3192
HH,25,100,5,False,nan,quiescent,19.3197,False,19.3197,19.3133,19.3129,19.3129,19.3129
HH,25,200,5,False,nan,quiescent,19.3197,False,19.3197,19.2969,19.2907,19.2908,19.2904
HH,25,400,5,False,nan,quiescent,19.3197,False,19.3197,19.3129,19.2889,19.2732,19.2671
NavC,1,50,5,False,nan,quiescent,1.55595,True,1.55595,1.55595,1.55595,1.55595,1.55595
NavC,1,100,5,False,nan,quiescent,1.55595,True,1.55595,1.55593,1.55593,1.55593,1.55593
NavC,1,200,5,False,nan,quiescent,1.55595,True,1.55595,1.55588,1.55586,1.55586,1.55585
NavC,1,400,5,False,nan,quiescent,1.55595,True,1.55595,1.55581,1.55574,1.5557,1.55568
NavC,10,50,5,False,nan,quiescent,10.9146,True,10.9145,10.9146,10.9146,10.9146,10.9146
NavC,10,100,5,False,nan,quiescent,10.9145,True,10.9145,10.9144,10.9145,10.9145,10.9145
NavC,10,200,5,False,nan,quiescent,10.9145,True,10.9145,10.9139,10.9138,10.9138,10.9139
NavC,10,400,5,False,nan,quiescent,10.9145,True,10.9145,10.913,10.9124,10.9121,10.912
NavC,25,50,5,False,nan,quiescent,19.3289,False,19.3287,19.3289,19.3289,19.3289,19.3289
NavC,25,100,5,False,nan,quiescent,19.3287,False,19.3287,19.3268,19.327,19.3271,19.3272
NavC,25,200,5,False,nan,quiescent,19.3287,False,19.3287,19.3197,19.3178,19.3177,19.3179
NavC,25,400,5,False,nan,quiescent,19.3287,False,19.3287,19.3167,19.3072,19.3026,19.3006
