model,bias_A_m2,n_abeta,control,status,t_end_ms,v2_rest_mV,dv_mid_mV,dv_lesion_mV,dv_lesion_z_mm,v2_peak_lesion_mV,hyp_lesion_mV,ue_max_mV,ue_min_mV,stim_nA,r_e,A_e_um2,c_spike,c_overshoot,c_init_z_mm,c_init_t_ms,c_cv,c_span_mm,ab_conducts,ab_cv_lesion,ab_cv_free
HH,0,0,no_stimulus,completed,200,-64.9997,1.12826e-11,1.98651e-08,2.595,-64.9997,-3.09163e-07,8.24739e-07,-1.28638e-05,0,6.09742e+10,16.4004,False,False,nan,nan,nan,0,False,nan,nan
HH,0,1,,quiescent,4,-64.9997,1.55671,1.55932,6,-63.4404,-0.458317,0.903698,-3.09625,3.022,6.09742e+10,16.4004,False,False,nan,nan,nan,0,True,38.374,39.9899
HH,0,10,,quiescent,4,-64.9996,10.773,10.9296,6,-54.07,-4.31384,8.20066,-21.0286,3.022,6.09742e+10,16.4004,False,False,nan,nan,nan,0,True,26.9269,40.3539
HH,0,25,,quiescent,4,-64.9995,18.4403,19.336,6,-45.6634,-9.52625,17.095,-35.0581,3.022,6.09742e+10,16.4004,False,False,nan,nan,nan,0,False,nan,40.7493
HH,0,50,,quiescent,4,-64.9993,0.0212377,23.5108,4,-41.4885,-15.8604,26.3652,-42.6234,3.022,6.09742e+10,16.4004,False,False,nan,nan,nan,0,False,nan,41.1581
HH,0,100,,quiescent,4,-64.999,0.0289225,26.9055,3,-38.0936,-23.7264,35.8496,-49.0391,3.022,6.09742e+10,16.4004,False,False,nan,nan,nan,0,False,nan,41.6615
HH,0.01,0,no_stimulus,completed,200,-64.1965,1.76387e-11,2.0072e-08,2.59,-64.1965,-3.09772e-07,8.2472e-07,-1.28625e-05,0,6.09742e+10,16.4004,False,False,nan,nan,nan,0,False,nan,nan
HH,0.01,1,,quiescent,4,-64.1965,1.5564,1.55901,6,-62.6375,-0.458159,0.903692,-3.09624,3.022,6.09742e+10,16.4004,False,False,nan,nan,nan,0,True,38.374,39.9899
HH,0.01,10,,quiescent,4,-64.1964,10.7705,10.9269,6,-53.2695,-4.31227,8.20062,-21.0286,3.022,6.09742e+10,16.4004,False,False,nan,nan,nan,0,True,26.9269,40.3539
HH,0.01,25,,quiescent,4,-64.1962,18.4354,19.3305,6,-44.8657,-9.52237,17.0949,-35.058,3.022,6.09742e+10,16.4004,False,False,nan,nan,nan,0,False,nan,40.7493
HH,0.01,50,,quiescent,4,-64.1961,0.0263246,23.5051,4,-40.691,-15.8527,26.3651,-42.6233,3.022,6.09742e+10,16.4004,False,False,nan,nan,nan,0,False,nan,41.1581
HH,0.01,100,,quiescent,4,-64.1958,0.0353471,26.9035,3,-37.2924,-23.7109,35.8495,-49.0362,3.022,6.09742e+10,16.4004,False,False,nan,nan,nan,0,False,nan,41.6615
HH,0.02,0,no_stimulus,completed,200,-63.485,1.33921e-11,1.93775e-08,2.605,-63.485,-2.98913e-07,8.24703e-07,-1.28612e-05,0,6.09742e+10,16.4004,False,False,nan,nan,nan,0,False,nan,nan
HH,0.02,1,,quiescent,4,-63.485,1.55608,1.5587,6,-61.9263,-0.458002,0.903686,-3.09623,3.022,6.09742e+10,16.4004,False,False,nan,nan,nan,0,True,38.374,39.9899
HH,0.02,10,,quiescent,4,-63.4849,10.768,10.9242,6,-52.5608,-4.3107,8.20057,-21.0285,3.022,6.09742e+10,16.4004,False,False,nan,nan,nan,0,True,26.927,40.3539
HH,0.02,25,,quiescent,4,-63.4848,18.4304,19.3249,6,-44.1599,-9.5185,17.0948,-35.058,3.022,6.09742e+10,16.4004,False,False,nan,nan,nan,0,False,nan,40.7493
HH,0.02,50,,quiescent,4,-63.4846,0.0315662,23.4992,4,-39.9854,-15.845,26.365,-42.6232,3.022,6.09742e+10,16.4004,False,False,nan,nan,nan,0,False,nan,41.1581
HH,0.02,100,,quiescent,4,-63.4843,0.0419375,26.9008,3,-36.5837,-23.6956,35.8494,-49.0332,3.022,6.09742e+10,16.4004,False,False,nan,nan,nan,0,False,nan,41.6615
HH,0.03,0,no_stimulus,completed,200,-62.846,1.18239e-11,1.96214e-08,2.605,-62.846,-2.99137e-07,8.24695e-07,-1.28599e-05,0,6.09742e+10,16.4004,False,False,nan,nan,nan,0,False,nan,nan
HH,0.03,1,,quiescent,4,-62.846,1.55577,1.55839,6,-61.2876,-0.457845,0.90368,-3.09623,3.022,6.09742e+10,16.4004,False,False,nan,nan,nan,0,True,38.374,39.9899
HH,0.03,10,,quiescent,4,-62.8459,10.7654,10.9215,6,-51.9244,-4.30915,8.20052,-21.0285,3.022,6.09742e+10,16.4004,False,False,nan,nan,nan,0,True,26.9271,40.3539
HH,0.03,25,,quiescent,4,-62.8458,18.4253,19.3192,6,-43.5266,-9.51467,17.0947,-35.0579,3.022,6.09742e+10,16.4004,False,False,nan,nan,nan,0,False,nan,40.7493
HH,0.03,50,,quiescent,4,-62.8456,0.0369329,23.4934,4,-39.3522,-15.8373,26.3649,-42.6231,3.022,6.09742e+10,16.4004,False,False,nan,nan,nan,0,False,nan,41.1581
HH,0.03,100,,quiescent,4,-62.8453,0.048663,26.8975,3,-35.948,-23.6805,35.8493,-49.0303,3.022,6.09742e+10,16.4004,False,False,nan,nan,nan,0,False,nan,41.6615
HH,0.04,0,no_stimulus,completed,200,-62.2655,1.51892e-11,1.97277e-08,2.595,-62.2655,-2.98577e-07,8.24689e-07,-1.28587e-05,0,6.09742e+10,16.4004,False,False,nan,nan,nan,0,False,nan,nan
HH,0.04,1,,quiescent,4,-62.2655,1.55546,1.55808,6,-60.7074,-0.45769,0.903674,-3.09622,3.022,6.09742e+10,16.4004,False,False,nan,nan,nan,0,True,38.374,39.9899
HH,0.04,10,,quiescent,4,-62.2654,10.7629,10.9188,6,-51.3466,-4.3076,8.20048,-21.0284,3.022,6.09742e+10,16.4004,False,False,nan,nan,nan,0,True,26.9272,40.3539
HH,0.04,25,,quiescent,4,-62.2652,18.4203,19.3135,6,-42.9518,-9.51086,17.0946,-35.0579,3.022,6.09742e+10,16.4004,False,False,nan,nan,nan,0,False,nan,40.7493
HH,0.04,50,,quiescent,4,-62.2651,0.0424061,23.4875,4,-38.7776,-15.8298,26.3648,-42.6229,3.022,6.09742e+10,16.4004,False,False,nan,nan,nan,0,False,nan,41.1581
HH,0.04,100,,quiescent,4,-62.2648,0.0555052,26.8936,3,-35.3713,-23.6656,35.8492,-49.0285,3.022,6.09742e+10,16.4004,False,False,nan,nan,nan,0,False,nan,41.6615
HH,0.05,0,no_stimulus,completed,200,-61.7331,8.00054e-12,1.95114e-08,2.595,-61.7331,-3.03913e-07,8.24689e-07,-1.28576e-05,0,6.09742e+10,16.4004,False,False,nan,nan,nan,0,False,nan,nan
HH,0.05,1,,quiescent,4,-61.7331,1.55515,1.55777,6,-60.1753,-0.457536,0.903668,-3.09621,3.022,6.09742e+10,16.4004,False,False,nan,nan,nan,0,True,38.374,39.9899
HH,0.05,10,,quiescent,4,-61.733,10.7604,10.9161,6,-50.8169,-4.30607,8.20043,-21.0284,3.022,6.09742e+10,16.4004,False,False,nan,nan,nan,0,True,26.9273,40.3539
HH,0.05,25,,quiescent,4,-61.7329,18.4152,19.3077,6,-42.4251,-9.50709,17.0946,-35.0578,3.022,6.09742e+10,16.4004,False,False,nan,nan,nan,0,False,nan,40.7493
HH,0.05,50,,quiescent,4,-61.7327,0.0479731,23.4815,4,-38.2513,-15.8223,26.3647,-42.6228,3.022,6.09742e+10,16.4004,False,False,nan,nan,nan,0,False,nan,41.1581
HH,0.05,100,,quiescent,4,-61.7324,0.0624531,26.8894,3,-34.8432,-23.6509,35.8491,-49.0268,3.022,6.09742e+10,16.4004,False,False,nan,nan,nan,0,False,nan,41.6615
HH,0.06,0,no_stimulus,completed,200,-61.2411,1.31561e-11,1.86857e-08,2.605,-61.2411,-2.98405e-07,8.24694e-07,-1.28564e-05,0,6.09742e+10,16.4004,False,False,nan,nan,nan,0,False,nan,nan
HH,0.06,1,,quiescent,4,-61.2411,1.55485,1.55747,6,-59.6836,-0.457383,0.903662,-3.0962,3.022,6.09742e+10,16.4004,False,False,nan,nan,nan,0,True,38.374,39.9899
HH,0.06,10,,quiescent,4,-61.241,10.7579,10.9134,6,-50.3276,-4.30455,8.20039,-21.0283,3.022,6.09742e+10,16.4004,False,False,nan,nan,nan,0,True,26.9274,40.3539
HH,0.06,25,,quiescent,4,-61.2409,18.4102,19.302,6,-41.9389,-9.50335,17.0945,-35.0577,3.022,6.09742e+10,16.4004,False,False,nan,nan,nan,0,False,nan,40.7493
HH,0.06,50,,quiescent,4,-61.2407,0.0536252,23.4754,4,-37.7653,-15.8149,26.3646,-42.6227,3.022,6.09742e+10,16.4004,False,False,nan,nan,nan,0,False,nan,41.1581
HH,0.06,100,,quiescent,4,-61.2404,0.0694993,26.8847,3,-34.3558,-23.6363,35.849,-49.0251,3.022,6.09742e+10,16.4004,False,False,nan,nan,nan,0,False,nan,41.6615
HH,0.07,0,no_stimulus,completed,200,-60.7833,2.21767e-11,1.94031e-08,2.585,-60.7833,-2.9944e-07,8.24703e-07,-1.28553e-05,0,6.09742e+10,16.4004,False,False,nan,nan,nan,0,False,nan,nan
HH,0.07,1,,quiescent,4,-60.7833,1.55454,1.55716,6,-59.2261,-0.457232,0.903656,-3.0962,3.022,6.09742e+10,16.4004,False,False,nan,nan,nan,0,True,38.374,39.9899
HH,0.07,10,,quiescent,4,-60.7832,10.7554,10.9107,6,-49.8725,-4.30305,8.20034,-21.0283,3.022,6.09742e+10,16.4004,False,False,nan,nan,nan,0,True,26.9274,40.3539
HH,0.07,25,,quiescent,4,-60.7831,18.4051,19.2962,6,-41.4869,-9.49964,17.0944,-35.0577,3.022,6.09742e+10,16.4004,False,False,nan,nan,nan,0,False,nan,40.7493
HH,0.07,50,,quiescent,4,-60.7829,0.0593554,23.4692,4,-37.3137,-15.8075,26.3645,-42.6226,3.022,6.09742e+10,16.4004,False,False,nan,nan,nan,0,False,nan,41.1581
HH,0.07,100,,quiescent,4,-60.7826,0.0766383,26.8796,3,-33.9031,-23.622,35.8489,-49.0233,3.022,6.09742e+10,16.4004,False,False,nan,nan,nan,0,False,nan,41.6615
NavC,0,0,no_stimulus,completed,200,-66.8228,1.59872e-11,1.87968e-08,2.605,-66.8228,-3.08253e-07,8.24701e-07,-1.28613e-05,0,6.09742e+10,16.4004,False,False,nan,nan,nan,0,False,nan,nan
NavC,0,1,,quiescent,4,-66.8228,1.5566,1.55922,6,-65.2636,-0.458064,0.903688,-3.09625,3.022,6.09742e+10,16.4004,False,False,nan,nan,nan,0,True,38.374,39.9899
NavC,0,10,,quiescent,4,-66.8227,10.7734,10.9301,6,-55.8926,-4.31131,8.20059,-21.0287,3.022,6.09742e+10,16.4004,False,False,nan,nan,nan,0,True,26.927,40.3539
NavC,0,25,,quiescent,4,-66.8226,18.4465,19.3459,6,-47.4767,-9.51984,17.0948,-35.0582,3.022,6.09742e+10,16.4004,False,False,nan,nan,nan,0,False,nan,40.7493
NavC,0,50,,quiescent,4,-66.8224,0.0161785,23.5276,4,-43.2949,-15.8468,26.365,-42.6234,3.022,6.09742e+10,16.4004,False,False,nan,nan,nan,0,False,nan,41.1581
NavC,0,100,,quiescent,4,-66.8221,0.0183138,26.9318,3,-39.8904,-23.6963,35.8495,-49.0327,3.022,6.09742e+10,16.4004,False,False,nan,nan,nan,0,False,nan,41.6615
NavC,0.25,0,no_stimulus,completed,200,-59.3038,3.93435e-12,1.87758e-08,2.59,-59.3038,-2.85769e-07,8.25069e-07,-1.28327e-05,0,6.09742e+10,16.4004,False,False,nan,nan,nan,0,False,nan,nan
NavC,0.25,1,,quiescent,4,-59.3038,1.55095,1.55362,6,-57.7502,-0.4546,0.903555,-3.09613,3.022,6.09742e+10,16.4004,False,False,nan,nan,nan,0,True,38.3742,39.9899
NavC,0.25,10,,quiescent,4,-59.3038,10.7316,10.8861,6,-48.4177,-4.27676,8.19956,-21.028,3.022,6.09742e+10,16.4004,False,False,nan,nan,nan,0,True,26.9289,40.3539
NavC,0.25,25,,quiescent,4,-59.3036,18.3836,19.2888,6,-40.0148,-9.43391,17.093,-35.0576,3.022,6.09742e+10,16.4004,False,False,nan,nan,nan,0,False,nan,40.7492
NavC,0.25,50,,quiescent,4,-59.3035,0.0696896,23.4948,4,-35.8087,-15.6722,26.3626,-42.6217,3.022,6.09742e+10,16.4004,False,False,nan,nan,nan,0,False,nan,41.158
NavC,0.25,100,,quiescent,4,-59.3032,0.0764561,26.995,3,-32.3084,-23.3376,35.847,-48.9771,3.022,6.09742e+10,16.4004,False,False,nan,nan,nan,0,False,nan,41.6615
NavC,0.5,0,no_stimulus,completed,200,-56.1098,6.43235e-12,1.90272e-08,2.61,-56.1098,-2.6431e-07,8.25284e-07,-1.28154e-05,0,6.09742e+10,16.4004,False,False,nan,nan,nan,0,False,nan,nan
NavC,0.5,1,,quiescent,4,-56.1098,1.54629,1.54901,6,-54.5608,-0.45186,0.903449,-3.09602,3.022,6.09742e+10,16.4004,False,False,nan,nan,nan,0,True,38.3744,39.9899
NavC,0.5,10,,quiescent,4,-56.1097,10.6964,10.8516,6,-45.2581,-4.24942,8.19874,-21.0274,3.022,6.09742e+10,16.4004,False,False,nan,nan,nan,0,True,26.9304,40.3539
NavC,0.5,25,,quiescent,4,-56.1096,18.3299,19.2358,6,-36.8738,-9.366,17.0915,-35.0568,3.022,6.09742e+10,16.4004,False,False,nan,nan,nan,0,False,nan,40.7492
NavC,0.5,50,,quiescent,4,-56.1095,0.0999743,23.4558,4,-32.6537,-15.5354,26.3607,-42.62,3.022,6.09742e+10,16.4004,False,False,nan,nan,nan,0,False,nan,41.158
NavC,0.5,100,,quiescent,4,-56.1093,0.108855,27.0127,3,-29.0966,-23.0608,35.8451,-48.9366,3.022,6.09742e+10,16.4004,False,False,nan,nan,nan,0,False,nan,41.6615
NavC,1,0,no_stimulus,completed,200,-52.205,2.01922e-12,1.9494e-08,2.6,-52.205,-2.57593e-07,8.25432e-07,-1.27926e-05,0,6.09742e+10,16.4004,False,False,nan,nan,nan,0,False,nan,nan
NavC,1,1,,quiescent,4,-52.205,1.5382,1.54098,6,-50.664,-0.447305,0.903272,-3.09584,3.022,6.09742e+10,16.4004,False,False,nan,nan,nan,0,True,38.3747,39.9899
NavC,1,10,,quiescent,4,-52.2049,10.6376,10.7898,6,-41.4151,-4.20399,8.19737,-21.0263,3.022,6.09742e+10,16.4004,False,False,nan,nan,nan,0,True,26.9328,40.3538
NavC,1,25,,quiescent,4,-52.2048,18.2317,19.1346,6,-33.0703,-9.25331,17.089,-35.0549,3.022,6.09742e+10,16.4004,False,False,nan,nan,nan,0,False,nan,40.7491
NavC,1,50,,quiescent,4,-52.2047,0.135797,23.3694,4,-28.8353,-15.3128,26.3574,-42.6165,3.022,6.09742e+10,16.4004,False,False,nan,nan,nan,0,False,nan,41.158
NavC,1,100,,quiescent,4,-52.2045,0.146471,26.9857,3,-25.2188,-22.614,35.8419,-48.8671,3.022,6.09742e+10,16.4004,False,False,nan,nan,nan,0,False,nan,41.6614
NavC,1.5,0,no_stimulus,completed,200,-49.5215,3.44863e-12,2.02021e-08,2.585,-49.5215,-2.67203e-07,8.25481e-07,-1.27775e-05,0,6.09742e+10,16.4004,False,False,nan,nan,nan,0,False,nan,nan
NavC,1.5,1,,quiescent,4,-49.5215,1.53098,1.53382,6,-47.9877,-0.443454,0.903121,-3.09568,3.022,6.09742e+10,16.4004,False,False,nan,nan,nan,0,True,38.3749,39.9899
NavC,1.5,10,,quiescent,4,-49.5215,10.5845,10.7357,6,-38.7858,-4.16559,8.1962,-21.0253,3.022,6.09742e+10,16.4004,False,False,nan,nan,nan,0,True,26.935,40.3538
NavC,1.5,25,,quiescent,4,-49.5214,18.1409,19.0366,6,-30.4847,-9.15822,17.0868,-35.0527,3.022,6.09742e+10,16.4004,False,False,nan,nan,nan,0,False,nan,40.7491
NavC,1.5,50,,quiescent,4,-49.5212,0.155383,23.2758,4,-26.2454,-15.1259,26.3546,-42.613,3.022,6.09742e+10,16.4004,False,False,nan,nan,nan,0,False,nan,41.1579
NavC,1.5,100,,quiescent,4,-49.521,0.166306,26.9172,3,-22.6039,-22.2487,35.8392,-48.8123,3.022,6.09742e+10,16.4004,False,False,nan,nan,nan,0,False,nan,41.6614
NavC,2,0,no_stimulus,completed,200,-47.3852,7.55646e-12,1.89867e-08,2.58,-47.3852,-2.56108e-07,8.25504e-07,-1.27665e-05,0,6.09742e+10,16.4004,False,False,nan,nan,nan,0,False,nan,nan
NavC,2,1,,quiescent,4,-47.3852,1.52429,1.52716,6,-45.858,-0.440035,0.902986,-3.09552,3.022,6.09742e+10,16.4004,False,False,nan,nan,nan,0,True,38.3752,39.9899
NavC,2,10,,quiescent,4,-47.3851,10.5359,10.6855,6,-36.6996,-4.13151,8.19516,-21.0243,3.022,6.09742e+10,16.4004,False,False,nan,nan,nan,0,True,26.9368,40.3538
NavC,2,25,,quiescent,4,-47.385,18.0538,18.942,6,-28.443,-9.07394,17.0849,-35.0503,3.022,6.09742e+10,16.4004,False,False,nan,nan,nan,0,False,nan,40.749
NavC,2,50,,quiescent,4,-47.3849,0.165248,23.1791,4,-24.2058,-14.9608,26.3522,-42.6094,3.022,6.09742e+10,16.4004,False,False,nan,nan,nan,0,False,nan,41.1579
NavC,2,100,,quiescent,4,-47.3847,0.176032,26.827,3,-20.5578,-21.9336,35.8368,-48.7649,3.022,6.09742e+10,16.4004,False,False,nan,nan,nan,0,False,nan,41.6614
NavC,2.5,0,no_stimulus,completed,200,-45.5526,4.8711e-12,1.8321e-08,2.58,-45.5526,-2.38363e-07,8.25519e-07,-1.27586e-05,0,6.09742e+10,16.4004,False,False,nan,nan,nan,0,False,nan,nan
NavC,2.5,1,,quiescent,4,-45.5526,1.51835,1.5208,6,-44.0318,-0.436899,0.902862,-3.09537,3.022,6.09742e+10,16.4004,False,False,nan,nan,nan,0,True,38.3754,39.9899
NavC,2.5,10,,quiescent,4,-45.5525,10.4903,10.6365,6,-34.9159,-4.10025,8.19419,-21.0234,3.022,6.09742e+10,16.4004,False,False,nan,nan,nan,0,True,26.9386,40.3537
NavC,2.5,25,,quiescent,4,-45.5524,17.97,18.8486,6,-26.7038,-8.99674,17.0831,-35.0478,3.022,6.09742e+10,16.4004,False,False,nan,nan,nan,0,False,nan,40.749
NavC,2.5,50,,quiescent,4,-45.5523,0.167598,23.0797,4,-22.4726,-14.8102,26.3499,-42.6057,3.022,6.09742e+10,16.4004,False,False,nan,nan,nan,0,False,nan,41.1578
NavC,2.5,100,,quiescent,4,-45.5521,0.178265,26.7226,3,-18.8296,-21.6514,35.8345,-48.7192,3.022,6.09742e+10,16.4004,False,False,nan,nan,nan,0,False,nan,41.6613
NavC,3,0,no_stimulus,completed,200,-43.8999,0,2.01841e-08,2.595,-43.8999,-2.701e-07,8.25523e-07,-1.27533e-05,0,6.09742e+10,16.4004,False,False,nan,nan,nan,0,False,nan,nan
NavC,3,1,,quiescent,4,-43.8999,1.51248,1.51498,6,-42.3849,-0.433937,0.902744,-3.09522,3.022,6.09742e+10,16.4004,False,False,nan,nan,nan,0,True,38.3756,39.9899
NavC,3,10,,quiescent,4,-43.8998,10.4446,10.5904,6,-33.3094,-4.07072,8.19328,-21.0224,3.022,6.09742e+10,16.4004,False,False,nan,nan,nan,0,True,26.9402,40.3537
NavC,3,25,,quiescent,4,-43.8998,17.8857,18.753,6,-25.1468,-8.92392,17.0815,-35.0451,3.022,6.09742e+10,16.4004,False,False,nan,nan,nan,0,False,nan,40.7489
NavC,3,50,,quiescent,4,-43.8996,0.162851,22.976,4,-20.9236,-14.6701,26.3477,-42.6019,3.022,6.09742e+10,16.4004,False,False,nan,nan,nan,0,False,nan,41.1578
NavC,3,100,,quiescent,4,-43.8995,0.173551,26.6078,3,-17.2918,-21.3905,35.8324,-48.6844,3.022,6.09742e+10,16.4004,False,False,nan,nan,nan,0,False,nan,41.6613
NavC,3.5,0,no_stimulus,completed,200,-42.3469,2.44943e-12,1.7909e-08,2.58,-42.3469,-2.28645e-07,8.25527e-07,-1.27505e-05,0,6.09742e+10,16.4004,False,False,nan,nan,nan,0,False,nan,nan
NavC,3.5,1,,quiescent,4,-42.3469,1.50648,1.50902,6,-40.8379,-0.431053,0.902628,-3.09507,3.022,6.09742e+10,16.4004,False,False,nan,nan,nan,0,True,38.3758,39.9899
NavC,3.5,10,,quiescent,4,-42.3468,10.3981,10.5429,6,-31.804,-4.04196,8.19238,-21.0214,3.022,6.09742e+10,16.4004,False,False,nan,nan,nan,0,True,26.9418,40.3537
NavC,3.5,25,,quiescent,4,-42.3468,17.7993,18.6554,6,-23.6914,-8.85304,17.0798,-35.0423,3.022,6.09742e+10,16.4004,False,False,nan,nan,nan,0,False,nan,40.7489
NavC,3.5,50,,quiescent,4,-42.3466,0.150316,22.8658,4,-19.4808,-14.5354,26.3456,-42.598,3.022,6.09742e+10,16.4004,False,False,nan,nan,nan,0,False,nan,41.1577
NavC,3.5,100,,quiescent,4,-42.3465,0.161267,26.4793,3,-15.8673,-21.1408,35.8303,-48.6463,3.022,6.09742e+10,16.4004,False,False,nan,nan,nan,0,False,nan,41.6613
