model,bias_A_m2,n_equilibria,v_lower_mV,lower_stable,all_mV
HH,0,1,-64.9997,True,-65.000s
HH,0.005,1,-64.5851,True,-64.585s
HH,0.01,1,-64.1965,True,-64.196s
HH,0.015,1,-63.8307,True,-63.831s
HH,0.02,1,-63.485,True,-63.485s
HH,0.025,1,-63.1574,True,-63.157s
HH,0.03,1,-62.846,True,-62.846s
HH,0.035,1,-62.5492,True,-62.549s
HH,0.04,1,-62.2655,True,-62.265s
HH,0.045,1,-61.9938,True,-61.994s
HH,0.05,1,-61.7331,True,-61.733s
HH,0.055,1,-61.4825,True,-61.482s
HH,0.06,1,-61.2411,True,-61.241s
HH,0.065,1,-61.0082,True,-61.008s
HH,0.07,1,-60.7833,True,-60.783s
HH,0.075,1,-60.5657,True,-60.566s
HH,0.08,1,-60.355,True,-60.355s
HH,0.085,1,-60.1506,True,-60.151s
HH,0.09,1,-59.9523,True,-59.952s
HH,0.095,1,-59.7595,True,-59.760s
HH,0.1,1,-59.572,False,-59.572u
NavC,0,1,-66.8228,True,-66.823s
NavC,0.25,1,-59.3038,True,-59.304s
NavC,0.5,1,-56.1098,True,-56.110s
NavC,0.75,1,-53.9201,True,-53.920s
NavC,1,1,-52.205,True,-52.205s
NavC,1.25,1,-50.7703,True,-50.770s
NavC,1.5,1,-49.5215,True,-49.522s
NavC,1.75,1,-48.4045,True,-48.405s
NavC,2,1,-47.3852,True,-47.385s
NavC,2.25,1,-46.4402,True,-46.440s
NavC,2.5,1,-45.5526,True,-45.553s
NavC,2.75,3,-44.7093,True,-44.709s;-25.198u;-23.298u
NavC,3,3,-43.8999,True,-43.900s;-26.160u;-22.488s
NavC,3.25,3,-43.1152,True,-43.115s;-26.852u;-21.962s
NavC,3.5,3,-42.3469,True,-42.347s;-27.458u;-21.542s
NavC,3.75,3,-41.5865,True,-41.586s;-28.026u;-21.181s
NavC,4,3,-40.8247,True,-40.825s;-28.583u;-20.859s
