model,n_abeta,stim_nA,kappa,A_e_um2,electrode_current,abeta_node0_peak_mV,c_z0_peak_mV,ue_z0_max_mV,ue_z0_min_mV,ue_abs_max_mV,dv_interior_mV,status,c_spike,c_overshoot,c_init_z_mm,c_init_t_ms,c_cv,ab_conducts,n_pulses,t_end_ms
HH,1,3.022,1e+09,16.4004,returned,12.6479,-63.1588,1.63739,-3.57656,3.57656,1.55868,quiescent,False,False,nan,nan,nan,True,5,42.2
HH,1,3.022,1e+09,16.4004,omitted,14.2052,-61.1828,0.767345,-6.43893,6.43893,1.55878,quiescent,False,False,nan,nan,nan,True,5,42.2
HH,25,3.022,1e+09,16.4004,returned,4.28287,-48.9724,16.1969,-31.3462,34.3715,19.347,quiescent,False,False,nan,nan,nan,False,5,42.2
HH,25,3.022,1e+09,16.4004,omitted,17.1955,-22.1194,1.27729,-71.0399,71.0399,0.319435,quiescent,False,False,nan,nan,nan,False,5,42.506
HH,1,100,1e+09,16.4004,returned,772.015,-64.9549,53.9768,-8.09792,53.9768,1.53521,quiescent,False,False,nan,nan,nan,True,5,42.2
HH,1,100,1e+09,16.4004,omitted,832.566,-15.8872,4.42399,-62.2174,62.2174,1.53573,quiescent,False,False,nan,nan,nan,True,5,42.358
HH,25,100,1e+09,16.4004,returned,555.577,46.2284,676.063,-0.321551,676.063,103.51,spike,True,True,0.075,0.0527114,0.453431,True,5,15.134
HH,25,100,1e+09,16.4004,omitted,1464.97,408.447,58.9827,-935.556,935.556,103.319,spike,True,True,0,0.00142437,0.453515,True,5,16.097
NavC,1,3.022,1e+09,16.4004,returned,12.6479,-64.9824,1.63739,-3.57655,3.57655,1.55857,quiescent,False,False,nan,nan,nan,True,5,42.2
NavC,1,3.022,1e+09,16.4004,omitted,14.2051,-63.0085,0.767646,-6.43885,6.43885,1.55867,quiescent,False,False,nan,nan,nan,True,5,42.2
NavC,25,3.022,1e+09,16.4004,returned,4.28291,-50.7927,16.1975,-31.3464,34.3717,19.3711,quiescent,False,False,nan,nan,nan,False,5,42.2
NavC,25,3.022,1e+09,16.4004,omitted,17.1953,-23.9976,1.31233,-71.0397,71.0397,0.317906,quiescent,False,False,nan,nan,nan,False,5,42.2
NavC,1,100,1e+09,16.4004,returned,772.016,-66.7891,53.9763,-8.1004,53.9763,1.53509,quiescent,False,False,nan,nan,nan,True,5,42.2
NavC,1,100,1e+09,16.4004,omitted,832.548,-18.6796,4.45761,-62.1908,62.1908,1.53562,quiescent,False,False,nan,nan,nan,True,5,42.2
NavC,25,100,1e+09,16.4004,returned,555.621,-53.3673,676.058,-0.00983331,676.058,12.66,completed,False,True,0.075,0.0585683,nan,True,5,60
NavC,25,100,1e+09,16.4004,omitted,1466.38,561.934,58.967,-937.763,937.763,15.6146,completed,False,True,0,0.00146319,nan,True,5,60
