model,n_abeta,stim_nA,kappa,A_e_um2,abeta_node0_peak_mV,c_z0_peak_mV,ue_z0_max_mV,ue_z0_min_mV,ue_abs_max_mV,dv_interior_mV,status,c_spike,c_overshoot,c_init_z_mm,c_init_t_ms,c_cv,ab_conducts
HH,1,3.022,1e+09,16.4004,12.6479,-63.1592,1.63739,-3.57656,3.57656,1.55868,quiescent,False,False,nan,nan,nan,True
HH,2,3.022,1e+09,16.4004,10.987,-61.5323,3.18656,-6.73419,6.73419,2.96964,quiescent,False,False,nan,nan,nan,True
HH,5,3.022,1e+09,16.4004,6.48592,-57.6853,7.37959,-14.187,14.187,6.5179,quiescent,False,False,nan,nan,nan,True
HH,10,3.022,1e+09,16.4004,1.35746,-53.5978,12.6238,-22.0913,22.0913,10.9365,quiescent,False,False,nan,nan,nan,True
HH,25,3.022,1e+09,16.4004,4.28287,-48.976,16.1969,-31.3462,34.3715,19.347,quiescent,False,False,nan,nan,nan,False
HH,50,3.022,1e+09,16.4004,6.70128,-49.2052,21.312,-32.6201,32.9167,1.05526,quiescent,False,False,nan,nan,nan,False
HH,1,10,1e+09,16.4004,53.0237,-64.8586,4.4068,-0.714654,4.4068,1.55485,quiescent,False,False,nan,nan,nan,True
HH,2,10,1e+09,16.4004,51.1433,-64.8121,8.43304,-1.2073,8.43304,2.95889,quiescent,False,False,nan,nan,nan,True
HH,5,10,1e+09,16.4004,46.0063,-64.9803,18.9209,-1.74071,18.9209,6.45432,quiescent,False,False,nan,nan,nan,True
HH,10,10,1e+09,16.4004,38.7599,-64.9668,33.0812,-0.778007,33.0812,10.6894,quiescent,False,False,nan,nan,nan,True
HH,25,10,1e+09,16.4004,24.0507,-64.9361,64.7745,-0.000840109,64.7745,18.4362,quiescent,False,False,nan,nan,nan,True
HH,50,10,1e+09,16.4004,18.7888,-64.8987,98.489,-0.00124643,98.489,22.1771,quiescent,False,False,nan,nan,nan,False
HH,1,30,1e+09,16.4004,208.279,-64.9856,14.4973,-2.12137,14.4973,1.54635,quiescent,False,False,nan,nan,nan,True
HH,2,30,1e+09,16.4004,204.081,-64.9747,27.6345,-1.38985,27.6345,2.93829,quiescent,False,False,nan,nan,nan,True
HH,5,30,1e+09,16.4004,192.468,-64.9488,61.1462,-0.000633587,61.1462,6.38233,quiescent,False,False,nan,nan,nan,True
HH,10,30,1e+09,16.4004,175.831,-64.8997,104.548,-0.00102379,104.548,10.4085,quiescent,False,False,nan,nan,nan,True
HH,25,30,1e+09,16.4004,139.493,-64.5783,193.948,-0.00196054,193.948,16.2494,quiescent,False,False,nan,nan,nan,True
HH,50,30,1e+09,16.4004,102.089,-62.981,292.886,-0.00333802,292.886,18.545,quiescent,False,False,nan,nan,nan,False
HH,1,100,1e+09,16.4004,772.015,-64.9611,53.9768,-8.0979,53.9768,1.53521,quiescent,False,False,nan,nan,nan,True
HH,2,100,1e+09,16.4004,758.59,-64.9276,102.104,-6.67735,102.104,2.90959,quiescent,False,False,nan,nan,nan,True
HH,5,100,1e+09,16.4004,721.616,-64.6055,222.153,-0.00200025,222.153,6.24141,quiescent,False,False,nan,nan,nan,True
HH,10,100,1e+09,16.4004,669.03,-59.4714,373.992,-0.00961634,373.992,9.85794,quiescent,False,False,nan,nan,nan,True
HH,25,100,1e+09,16.4004,209.393,-64.9994,665.995,-0.000297538,665.995,2.59717,spike,False,True,0.075,0.0527114,nan,False
HH,50,100,1e+09,16.4004,109.364,-64.9992,803.651,-0.000580164,803.651,3.87007,spike,False,True,0.065,0.0336349,nan,False
NavC,1,3.022,1e+09,16.4004,12.6479,-64.9826,1.63739,-3.57655,3.57655,1.55857,quiescent,False,False,nan,nan,nan,True
NavC,2,3.022,1e+09,16.4004,10.987,-63.356,3.18655,-6.73419,6.73419,2.96945,quiescent,False,False,nan,nan,nan,True
NavC,5,3.022,1e+09,16.4004,6.48587,-59.5094,7.37959,-14.187,14.187,6.51787,quiescent,False,False,nan,nan,nan,True
NavC,10,3.022,1e+09,16.4004,1.35734,-55.422,12.624,-22.0914,22.0914,10.9375,quiescent,False,False,nan,nan,nan,True
NavC,25,3.022,1e+09,16.4004,4.28291,-50.796,16.1975,-31.3464,34.3717,19.3711,quiescent,False,False,nan,nan,nan,False
NavC,50,3.022,1e+09,16.4004,6.70139,-51.0119,21.3118,-32.6206,32.9157,1.05005,quiescent,False,False,nan,nan,nan,False
NavC,1,10,1e+09,16.4004,53.0238,-66.6815,4.4067,-0.714663,4.4067,1.55472,quiescent,False,False,nan,nan,nan,True
NavC,2,10,1e+09,16.4004,51.1436,-66.6347,8.43283,-1.20732,8.43283,2.95868,quiescent,False,False,nan,nan,nan,True
NavC,5,10,1e+09,16.4004,46.0067,-66.8078,18.9204,-1.74076,18.9204,6.45411,quiescent,False,False,nan,nan,nan,True
NavC,10,10,1e+09,16.4004,38.7606,-66.7983,33.0803,-0.778087,33.0803,10.6905,quiescent,False,False,nan,nan,nan,True
NavC,25,10,1e+09,16.4004,24.0513,-66.782,64.7725,-0.00077158,64.7725,18.4486,quiescent,False,False,nan,nan,nan,True
NavC,50,10,1e+09,16.4004,18.7889,-66.7698,98.487,-0.00115125,98.487,22.2033,quiescent,False,False,nan,nan,nan,False
NavC,1,30,1e+09,16.4004,208.279,-66.8117,14.497,-2.12237,14.497,1.54622,quiescent,False,False,nan,nan,nan,True
NavC,2,30,1e+09,16.4004,204.082,-66.8033,27.6341,-1.39146,27.6341,2.9381,quiescent,False,False,nan,nan,nan,True
NavC,5,30,1e+09,16.4004,192.469,-66.7874,61.1453,-0.000559824,61.1453,6.38229,quiescent,False,False,nan,nan,nan,True
NavC,10,30,1e+09,16.4004,175.833,-66.7724,104.546,-0.000860495,104.546,10.4094,quiescent,False,False,nan,nan,nan,True
NavC,25,30,1e+09,16.4004,139.496,-66.7404,193.945,-0.00144195,193.945,16.258,quiescent,False,False,nan,nan,nan,True
NavC,50,30,1e+09,16.4004,102.093,-66.712,292.88,-0.00207997,292.88,18.5702,quiescent,False,False,nan,nan,nan,False
NavC,1,100,1e+09,16.4004,772.016,-66.7935,53.9763,-8.1004,53.9763,1.53509,quiescent,False,False,nan,nan,nan,True
NavC,2,100,1e+09,16.4004,758.592,-66.7786,102.103,-6.6816,102.103,2.9094,quiescent,False,False,nan,nan,nan,True
NavC,5,100,1e+09,16.4004,721.622,-66.7422,222.151,-0.00134456,222.151,6.24126,quiescent,False,False,nan,nan,nan,True
NavC,10,100,1e+09,16.4004,669.046,-66.7132,373.989,-0.0022732,373.989,9.85895,quiescent,False,False,nan,nan,nan,True
NavC,25,100,1e+09,16.4004,224.344,-66.8226,671.77,-0.000297482,671.77,2.59579,spike,False,True,0.075,0.0585683,nan,False
NavC,50,100,1e+09,16.4004,112.791,-66.8223,818.533,-0.000580056,818.533,4.23527,spike,False,True,0.065,0.0350158,nan,False
HH,1,100,3e+07,16.4004,712.629,-64.3596,254.459,-54.4426,254.459,2.00258,quiescent,False,False,nan,nan,nan,True
HH,1,100,3e+07,53.4071,761.392,-64.8288,94.1624,-37.2749,94.1624,0.752964,quiescent,False,False,nan,nan,nan,True
HH,1,3.022,3e+07,16.4004,5.87971,-62.5886,8.17666,-13.621,13.621,2.16385,quiescent,False,False,nan,nan,nan,True
