model,study,lesion_mm,stim_factor,n_abeta,status,t_end_ms,v2_rest_mV,dv_mid_mV,dv_lesion_mV,dv_lesion_z_mm,v2_peak_lesion_mV,hyp_lesion_mV,ue_max_mV,ue_min_mV,stim_nA,r_e,A_e_um2,c_spike,c_overshoot,c_init_z_mm,c_init_t_ms,c_cv,c_span_mm,ab_conducts,ab_cv_lesion,ab_cv_free
HH,lesion_length,1,2,1,quiescent,4,-64.9997,1.54076,1.54076,5,-63.459,-0.456348,0.898786,-3.07355,3.022,6.09742e+10,16.4004,False,False,nan,nan,nan,0,True,39.6852,39.9403
HH,lesion_length,1,2,10,quiescent,4,-64.9996,9.77598,9.77598,5,-55.2236,-4.25583,8.06004,-19.4558,3.022,6.09742e+10,16.4004,False,False,nan,nan,nan,0,True,36.5749,39.9434
HH,lesion_length,1,2,25,quiescent,4,-64.9995,14.3139,14.3139,5,-50.6856,-9.27274,16.5065,-29.3542,3.022,6.09742e+10,16.4004,False,False,nan,nan,nan,0,True,33.7548,39.9465
HH,lesion_length,1,2,50,quiescent,4,-64.9994,11.9236,11.9236,5,-53.0758,-15.1732,24.8926,-27.3138,3.022,6.09742e+10,16.4004,False,False,nan,nan,nan,0,True,32.439,39.9496
HH,lesion_length,1,2,100,quiescent,4,-64.9993,9.27128,9.27128,5,-55.728,-28.6701,43.147,-22.9128,3.022,6.09742e+10,16.4004,False,False,nan,nan,nan,0,True,33.5399,39.9532
HH,lesion_length,2,2,1,quiescent,4,-64.9997,1.54075,1.54075,5,-63.459,-0.456243,0.898461,-3.07348,3.022,6.09742e+10,16.4004,False,False,nan,nan,nan,0,True,39.6927,39.9404
HH,lesion_length,2,2,10,quiescent,4,-64.9996,9.76756,9.76756,5,-55.2321,-4.2479,8.03357,-19.4468,3.022,6.09742e+10,16.4004,False,False,nan,nan,nan,0,True,36.6329,39.9443
HH,lesion_length,2,2,25,quiescent,4,-64.9995,14.254,14.254,5,-50.7455,-9.23591,16.4029,-29.2912,3.022,6.09742e+10,16.4004,False,False,nan,nan,nan,0,True,33.8561,39.9488
HH,lesion_length,2,2,50,quiescent,4,-64.9994,11.8396,11.8396,5,-53.1598,-15.1124,24.6892,-26.9479,3.022,6.09742e+10,16.4004,False,False,nan,nan,nan,0,True,32.5206,39.954
HH,lesion_length,2,2,100,quiescent,4,-64.9993,9.39335,9.39335,5,-55.6059,-28.5966,42.8593,-23.0903,3.022,6.09742e+10,16.4004,False,False,nan,nan,nan,0,True,33.7449,39.9616
HH,lesion_length,3,2,1,quiescent,4,-64.9997,1.55604,1.55921,6,-63.4405,-0.457379,0.901341,-3.10216,3.022,6.09742e+10,16.4004,False,False,nan,nan,nan,0,True,38.7984,39.9449
HH,lesion_length,3,2,10,quiescent,4,-64.9996,10.6587,10.8638,6,-54.1358,-4.30043,8.16973,-21.0414,3.022,6.09742e+10,16.4004,False,False,nan,nan,nan,0,True,29.7059,39.9808
HH,lesion_length,3,2,25,quiescent,4,-64.9995,17.7447,18.781,6,-46.2185,-9.47891,16.9916,-34.9104,3.022,6.09742e+10,16.4004,False,False,nan,nan,nan,0,True,19.5721,40.0196
HH,lesion_length,3,2,50,quiescent,4,-64.9993,25.0244,25.0244,5,-39.9749,-15.7212,26.1185,-44.506,3.022,6.09742e+10,16.4004,False,False,nan,nan,nan,0,False,nan,40.06
HH,lesion_length,3,2,100,quiescent,4,-64.9991,0.03168,3.57706,4.085,-61.4227,-23.2323,35.2844,-1.35256,3.022,6.09742e+10,16.4004,False,False,nan,nan,nan,0,False,nan,40.1097
HH,lesion_length,5,2,1,quiescent,4,-64.9997,1.55671,1.55932,6,-63.4404,-0.458317,0.903698,-3.09625,3.022,6.09742e+10,16.4004,False,False,nan,nan,nan,0,True,38.374,39.9899
HH,lesion_length,5,2,10,quiescent,4,-64.9996,10.773,10.9296,6,-54.07,-4.31384,8.20066,-21.0286,3.022,6.09742e+10,16.4004,False,False,nan,nan,nan,0,True,26.9269,40.3539
HH,lesion_length,5,2,25,quiescent,4,-64.9995,18.4403,19.336,6,-45.6634,-9.52625,17.095,-35.0581,3.022,6.09742e+10,16.4004,False,False,nan,nan,nan,0,False,nan,40.7493
HH,lesion_length,5,2,50,quiescent,4,-64.9993,0.0212377,23.5108,4,-41.4885,-15.8604,26.3652,-42.6234,3.022,6.09742e+10,16.4004,False,False,nan,nan,nan,0,False,nan,41.1581
HH,lesion_length,5,2,100,quiescent,4,-64.999,0.0289225,26.9055,3,-38.0936,-23.7264,35.8496,-49.0391,3.022,6.09742e+10,16.4004,False,False,nan,nan,nan,0,False,nan,41.6615
HH,lesion_length,7,2,1,quiescent,4,-64.9997,1.55655,1.55864,6,-63.4411,-0.456164,0.896396,-3.09484,3.022,6.09742e+10,16.4004,False,False,nan,nan,nan,0,True,38.3518,39.7371
HH,lesion_length,7,2,10,quiescent,4,-64.9996,10.8123,10.9135,6,-54.0861,-4.3183,8.19449,-20.841,3.022,6.09742e+10,16.4004,False,False,nan,nan,nan,0,True,26.3971,36.187
HH,lesion_length,7,2,25,quiescent,4,-64.9995,18.9132,19.6076,6,-45.3919,-9.59684,17.2191,-34.9863,3.022,6.09742e+10,16.4004,False,False,nan,nan,nan,0,False,nan,30.5282
HH,lesion_length,7,2,50,quiescent,4,-64.9992,0.0185721,22.2062,3,-42.7931,-16.1003,26.7921,-40.5411,3.022,6.09742e+10,16.4004,False,False,nan,nan,nan,0,False,nan,23.5755
HH,lesion_length,7,2,100,quiescent,4,-64.9989,0.0224488,22.989,2,-42.01,-24.4491,36.7674,-42.5557,3.022,6.09742e+10,16.4004,False,False,nan,nan,nan,0,False,nan,12.5935
HH,stimulus,5,1.2,1,quiescent,4,-64.9997,1.56094,1.56144,6,-63.4383,-0.447323,0.861508,-3.09581,1.8132,6.09742e+10,16.4004,False,False,nan,nan,nan,0,True,37.9806,36.4606
HH,stimulus,5,1.2,10,quiescent,4,-64.9996,10.8952,10.9945,6,-54.0051,-4.2237,7.8352,-21.0585,1.8132,6.09742e+10,16.4004,False,False,nan,nan,nan,0,True,26.3546,36.9073
HH,stimulus,5,1.2,25,quiescent,4,-64.9995,18.8062,19.6371,6,-45.3624,-9.33964,16.4058,-35.292,1.8132,6.09742e+10,16.4004,False,False,nan,nan,nan,0,False,nan,37.409
HH,stimulus,5,1.2,50,quiescent,4,-64.9993,0.0186932,19.7127,3,-45.2866,-15.5228,25.3585,-36.335,1.8132,6.09742e+10,16.4004,False,False,nan,nan,nan,0,False,nan,37.9385
HH,stimulus,5,1.2,100,quiescent,4,-64.999,0.0234969,3.4527,3.085,-61.5471,-22.7869,34.4545,-1.26509,1.8132,6.09742e+10,16.4004,False,False,nan,nan,nan,0,False,nan,38.5668
HH,stimulus,5,5,1,quiescent,4,-64.9997,1.55209,1.55742,6,-63.4423,-0.469129,0.943558,-3.09452,7.555,6.09742e+10,16.4004,False,False,nan,nan,nan,0,True,38.6052,43.0073
HH,stimulus,5,5,10,quiescent,4,-64.9996,10.6482,10.8303,6,-54.1693,-4.40238,8.51235,-20.9547,7.555,6.09742e+10,16.4004,False,False,nan,nan,nan,0,True,27.3612,43.3303
HH,stimulus,5,5,25,quiescent,4,-64.9995,17.7602,19.7232,7,-45.2762,-9.70934,17.6865,-35.1183,7.555,6.09742e+10,16.4004,False,False,nan,nan,nan,0,True,13.5834,43.662
HH,stimulus,5,5,50,quiescent,4,-64.9993,0.0218087,21.2784,4,-43.7209,-16.1988,27.2681,-39.2733,7.555,6.09742e+10,16.4004,False,False,nan,nan,nan,0,False,nan,44.0031
HH,stimulus,5,5,100,quiescent,4,-64.999,0.0315013,20.5967,3,-44.4024,-24.6119,37.2117,-38.3159,7.555,6.09742e+10,16.4004,False,False,nan,nan,nan,0,False,nan,44.4594
HH,stimulus,5,20,1,quiescent,4,-64.9997,1.53239,1.54846,6,-63.4512,-0.775025,1.19479,-3.0872,30.22,6.09742e+10,16.4004,False,False,nan,nan,nan,0,True,39.0129,60.0114
HH,stimulus,5,20,10,quiescent,4,-64.9996,10.2261,10.6085,7,-54.3911,-5.51411,9.21872,-20.7088,30.22,6.09742e+10,16.4004,False,False,nan,nan,nan,0,True,28.386,60.4022
HH,stimulus,5,20,25,quiescent,4,-64.9995,15.9057,18.3174,7,-46.6821,-10.215,19.0803,-34.2587,30.22,6.09742e+10,16.4004,False,False,nan,nan,nan,0,True,17.7888,60.799
HH,stimulus,5,20,50,quiescent,4,-64.9993,20.8634,20.8634,5,-44.1359,-17.1697,29.5766,-38.4547,30.22,6.09742e+10,16.4004,False,False,nan,nan,nan,0,False,nan,61.2243
HH,stimulus,5,20,100,quiescent,4,-64.999,0.0413232,8.10335,3,-56.8958,-27.1953,41.393,-23.2637,30.22,6.09742e+10,16.4004,False,False,nan,nan,nan,0,False,nan,61.8352
NavC,lesion_length,1,2,1,quiescent,4,-66.8228,1.54065,1.54065,5,-65.2822,-0.456093,0.898777,-3.07355,3.022,6.09742e+10,16.4004,False,False,nan,nan,nan,0,True,39.6852,39.9403
NavC,lesion_length,1,2,10,quiescent,4,-66.8227,9.77636,9.77636,5,-57.0464,-4.25331,8.05996,-19.4559,3.022,6.09742e+10,16.4004,False,False,nan,nan,nan,0,True,36.5749,39.9434
NavC,lesion_length,1,2,25,quiescent,4,-66.8226,14.3188,14.3188,5,-52.5038,-9.26626,16.5064,-29.3543,3.022,6.09742e+10,16.4004,False,False,nan,nan,nan,0,True,33.7549,39.9465
NavC,lesion_length,1,2,50,quiescent,4,-66.8225,11.941,11.941,5,-54.8815,-15.1596,24.8924,-27.3145,3.022,6.09742e+10,16.4004,False,False,nan,nan,nan,0,True,32.439,39.9496
NavC,lesion_length,1,2,100,quiescent,4,-66.8224,9.3093,9.3093,5,-57.5131,-28.6292,43.1465,-22.9127,3.022,6.09742e+10,16.4004,False,False,nan,nan,nan,0,True,33.5399,39.9532
NavC,lesion_length,2,2,1,quiescent,4,-66.8228,1.54064,1.54064,5,-65.2822,-0.455987,0.898452,-3.07348,3.022,6.09742e+10,16.4004,False,False,nan,nan,nan,0,True,39.6927,39.9404
NavC,lesion_length,2,2,10,quiescent,4,-66.8227,9.76804,9.76804,5,-57.0547,-4.24537,8.0335,-19.4468,3.022,6.09742e+10,16.4004,False,False,nan,nan,nan,0,True,36.633,39.9443
NavC,lesion_length,2,2,25,quiescent,4,-66.8226,14.2591,14.2591,5,-52.5635,-9.22937,16.4028,-29.2913,3.022,6.09742e+10,16.4004,False,False,nan,nan,nan,0,True,33.8561,39.9488
NavC,lesion_length,2,2,50,quiescent,4,-66.8225,11.857,11.857,5,-54.9655,-15.0985,24.6891,-26.9485,3.022,6.09742e+10,16.4004,False,False,nan,nan,nan,0,True,32.5206,39.954
NavC,lesion_length,2,2,100,quiescent,4,-66.8224,9.4313,9.4313,5,-57.3911,-28.5557,42.8587,-23.0903,3.022,6.09742e+10,16.4004,False,False,nan,nan,nan,0,True,33.7449,39.9616
NavC,lesion_length,3,2,1,quiescent,4,-66.8228,1.55592,1.5591,6,-65.2637,-0.457124,0.901332,-3.10216,3.022,6.09742e+10,16.4004,False,False,nan,nan,nan,0,True,38.7984,39.9449
NavC,lesion_length,3,2,10,quiescent,4,-66.8227,10.6585,10.8646,6,-55.9581,-4.29789,8.16966,-21.0414,3.022,6.09742e+10,16.4004,False,False,nan,nan,nan,0,True,29.7059,39.9808
NavC,lesion_length,3,2,25,quiescent,4,-66.8226,17.7474,18.789,6,-48.0336,-9.47249,16.9915,-34.9106,3.022,6.09742e+10,16.4004,False,False,nan,nan,nan,0,True,19.5724,40.0196
NavC,lesion_length,3,2,50,quiescent,4,-66.8224,25.0436,25.0436,5,-41.7789,-15.7076,26.1183,-44.5062,3.022,6.09742e+10,16.4004,False,False,nan,nan,nan,0,False,nan,40.06
NavC,lesion_length,3,2,100,quiescent,4,-66.8223,0.0196889,3.56882,4.085,-63.254,-23.2033,35.2843,-1.35269,3.022,6.09742e+10,16.4004,False,False,nan,nan,nan,0,False,nan,40.1097
NavC,lesion_length,5,2,1,quiescent,4,-66.8228,1.5566,1.55922,6,-65.2636,-0.458064,0.903688,-3.09625,3.022,6.09742e+10,16.4004,False,False,nan,nan,nan,0,True,38.374,39.9899
NavC,lesion_length,5,2,10,quiescent,4,-66.8227,10.7734,10.9301,6,-55.8926,-4.31131,8.20059,-21.0287,3.022,6.09742e+10,16.4004,False,False,nan,nan,nan,0,True,26.927,40.3539
NavC,lesion_length,5,2,25,quiescent,4,-66.8226,18.4465,19.3459,6,-47.4767,-9.51984,17.0948,-35.0582,3.022,6.09742e+10,16.4004,False,False,nan,nan,nan,0,False,nan,40.7493
NavC,lesion_length,5,2,50,quiescent,4,-66.8224,0.0161785,23.5276,4,-43.2949,-15.8468,26.365,-42.6234,3.022,6.09742e+10,16.4004,False,False,nan,nan,nan,0,False,nan,41.1581
NavC,lesion_length,5,2,100,quiescent,4,-66.8221,0.0183138,26.9318,3,-39.8904,-23.6963,35.8495,-49.0327,3.022,6.09742e+10,16.4004,False,False,nan,nan,nan,0,False,nan,41.6615
NavC,lesion_length,7,2,1,quiescent,4,-66.8228,1.55645,1.55851,6,-65.2643,-0.455901,0.896386,-3.09484,3.022,6.09742e+10,16.4004,False,False,nan,nan,nan,0,True,38.3518,39.7371
NavC,lesion_length,7,2,10,quiescent,4,-66.8227,10.8129,10.9144,6,-55.9083,-4.31567,8.19441,-20.841,3.022,6.09742e+10,16.4004,False,False,nan,nan,nan,0,True,26.3972,36.187
NavC,lesion_length,7,2,25,quiescent,4,-66.8226,18.9224,19.6223,6,-47.2003,-9.5904,17.2189,-34.9861,3.022,6.09742e+10,16.4004,False,False,nan,nan,nan,0,False,nan,30.5283
NavC,lesion_length,7,2,50,quiescent,4,-66.8223,0.012383,22.222,3,-44.6004,-16.0865,26.7919,-40.5411,3.022,6.09742e+10,16.4004,False,False,nan,nan,nan,0,False,nan,23.5757
NavC,lesion_length,7,2,100,quiescent,4,-66.822,0.014731,23.0155,2,-43.8066,-24.4181,36.7671,-42.5544,3.022,6.09742e+10,16.4004,False,False,nan,nan,nan,0,False,nan,12.5944
NavC,stimulus,5,1.2,1,quiescent,4,-66.8228,1.56086,1.56136,6,-65.2615,-0.44696,0.861498,-3.09581,1.8132,6.09742e+10,16.4004,False,False,nan,nan,nan,0,True,37.9806,36.4606
NavC,stimulus,5,1.2,10,quiescent,4,-66.8227,10.8959,10.9954,6,-55.8273,-4.2202,7.8351,-21.0585,1.8132,6.09742e+10,16.4004,False,False,nan,nan,nan,0,True,26.3547,36.9072
NavC,stimulus,5,1.2,25,quiescent,4,-66.8226,18.8135,19.6489,6,-47.1737,-9.33125,16.4056,-35.2925,1.8132,6.09742e+10,16.4004,False,False,nan,nan,nan,0,False,nan,37.409
NavC,stimulus,5,1.2,50,quiescent,4,-66.8224,0.0126418,19.7217,3,-47.1008,-15.5066,25.3583,-36.3351,1.8132,6.09742e+10,16.4004,False,False,nan,nan,nan,0,False,nan,37.9385
NavC,stimulus,5,1.2,100,quiescent,4,-66.8221,0.0152355,3.44477,3.085,-63.3781,-22.7557,34.4543,-1.26529,1.8132,6.09742e+10,16.4004,False,False,nan,nan,nan,0,False,nan,38.5668
NavC,stimulus,5,5,1,quiescent,4,-66.8228,1.55195,1.5573,6,-65.2655,-0.468919,0.943549,-3.09452,7.555,6.09742e+10,16.4004,False,False,nan,nan,nan,0,True,38.6052,43.0073
NavC,stimulus,5,5,10,quiescent,4,-66.8227,10.6484,10.8308,6,-55.9919,-4.40022,8.51229,-20.9547,7.555,6.09742e+10,16.4004,False,False,nan,nan,nan,0,True,27.3614,43.3303
NavC,stimulus,5,5,25,quiescent,4,-66.8226,17.7659,19.7383,7,-47.0843,-9.70367,17.6864,-35.1187,7.555,6.09742e+10,16.4004,False,False,nan,nan,nan,0,True,13.585,43.662
NavC,stimulus,5,5,50,quiescent,4,-66.8224,0.0168043,21.2936,4,-45.5288,-16.1862,27.2679,-39.2734,7.555,6.09742e+10,16.4004,False,False,nan,nan,nan,0,False,nan,44.0031
NavC,stimulus,5,5,100,quiescent,4,-66.8221,0.0196092,20.622,3,-46.2002,-24.5818,37.2115,-38.3156,7.555,6.09742e+10,16.4004,False,False,nan,nan,nan,0,False,nan,44.4594
NavC,stimulus,5,20,1,quiescent,4,-66.8228,1.53225,1.54833,6,-65.2745,-0.775524,1.19479,-3.0872,30.22,6.09742e+10,16.4004,False,False,nan,nan,nan,0,True,39.0129,60.0114
NavC,stimulus,5,20,10,quiescent,4,-66.8227,10.2266,10.61,7,-56.2127,-5.51884,9.21867,-20.7088,30.22,6.09742e+10,16.4004,False,False,nan,nan,nan,0,True,28.3861,60.4022
NavC,stimulus,5,20,25,quiescent,4,-66.8226,15.9122,18.3296,7,-48.493,-10.2098,19.0801,-34.2587,30.22,6.09742e+10,16.4004,False,False,nan,nan,nan,0,True,17.7893,60.799
NavC,stimulus,5,20,50,quiescent,4,-66.8224,20.8848,20.8848,5,-45.9376,-17.1581,29.5764,-38.4546,30.22,6.09742e+10,16.4004,False,False,nan,nan,nan,0,False,nan,61.2243
NavC,stimulus,5,20,100,quiescent,4,-66.8221,0.0246049,8.139,3,-58.6832,-27.165,41.3927,-23.2643,30.22,6.09742e+10,16.4004,False,False,nan,nan,nan,0,False,nan,61.8352
