v_mV,m_inf,tau_m_ms,h_inf,tau_h_ms
-100,2.74368e-05,0.00461782,0.99394,0.0320279
-95,9.10003e-05,0.00584498,0.983698,0.0526722
-90,0.000301778,0.00740128,0.956893,0.0855627
-85,0.00100028,0.00937486,0.890903,0.134092
-80,0.00331019,0.0118726,0.75026,0.192479
-75,0.0108961,0.0150022,0.524979,0.234036
-70,0.0352517,0.0187683,0.28905,0.230384
-65,0.108099,0.0226529,0.130108,0.192915
-60,0.28674,0.024665,0.0521536,0.151402
-55,0.57145,0.0220989,0.0198403,0.119682
-50,0.815599,0.0166889,0.00739154,0.0985489
-45,0.936187,0.0125457,0.00273196,0.085207
-40,0.979864,0.0103946,0.00100677,0.0769671
-35,0.993843,0.0093939,0.000370606,0.0719257
-30,0.998136,0.00890858,0.00013637,0.0688543
-25,0.999437,0.00863703,5.01722e-05,0.066987
-20,0.99983,0.00845288,1.84579e-05,0.0658529
-15,0.999949,0.00830536,6.79036e-06,0.0651645
-10,0.999985,0.00817435,2.49804e-06,0.0647468
-5,0.999995,0.00805187,9.18981e-07,0.0644933
0,0.999999,0.00793474,3.38074e-07,0.0643396
5,1,0.00782165,1.24371e-07,0.0642463
10,1,0.007712,4.57534e-08,0.0641898
15,1,0.00760547,1.68317e-08,0.0641555
20,1,0.00750189,6.19205e-09,0.0641346
25,1,0.00740111,2.27793e-09,0.064122
30,1,0.007303,8.38003e-10,0.0641144
35,1,0.00720747,3.08284e-10,0.0641097
40,1,0.0071144,1.13411e-10,0.0641069
