t_ms,v_node_mV,dv_from_rest_mV
0.001,-79.9897,0
0.006,-79.9897,1.7241e-06
0.011,-79.9896,7.86075e-05
0.016,-79.9889,0.000792958
0.021,-79.986,0.00371775
0.026,-79.9786,0.0111536
0.031,-79.9645,0.0252382
0.036,-79.9424,0.0472998
0.041,-79.912,0.0777543
0.046,-79.8733,0.116392
0.051,-79.8268,0.162864
0.056,-79.7724,0.217293
0.061,-79.7088,0.280862
0.066,-79.6338,0.35596
0.071,-79.5439,0.445791
0.076,-79.4354,0.554354
0.081,-79.302,0.687752
0.086,-79.1345,0.855168
0.091,-78.9228,1.06688
0.096,-78.6569,1.33282
0.101,-78.3211,1.66856
0.106,-77.888,2.10168
0.111,-77.3305,2.65922
0.116,-76.6347,3.35505
0.121,-75.7701,4.21956
0.126,-74.6449,5.3448
0.131,-73.1734,6.81631
0.136,-71.3742,8.61551
0.141,-69.2235,10.7662
0.146,-66.3775,13.6122
0.151,-62.4489,17.5408
0.156,-57.7853,22.2044
0.161,-52.6653,27.3244
0.166,-45.8246,34.1651
0.171,-35.0244,44.9653
0.176,-23.0379,56.9518
0.181,-14.3805,65.6092
0.186,-9.29359,70.6961
0.191,-6.45847,73.5312
0.196,-4.52746,75.4622
0.201,-2.63841,77.3513
0.206,-0.916418,79.0733
0.211,0.221371,80.2111
0.216,0.671012,80.6607
0.221,0.576222,80.5659
0.226,0.169491,80.1592
0.231,-0.378895,79.6108
0.236,-1.03965,78.9501
0.241,-1.84983,78.1399
0.246,-2.83012,77.1596
0.251,-3.96318,76.0265
0.256,-5.20801,74.7817
0.261,-6.52803,73.4617
0.266,-7.90607,72.0836
0.271,-9.3377,70.652
0.276,-10.8194,69.1703
0.281,-12.3434,67.6463
0.286,-13.9003,66.0895
0.291,-15.4817,64.508
0.296,-17.082,62.9077
0.301,-18.6967,61.293
0.306,-20.3222,59.6675
0.311,-21.9546,58.0351
0.316,-23.59,56.3997
0.321,-25.2242,54.7655
0.326,-26.8534,53.1363
0.331,-28.4736,51.5162
0.336,-30.0813,49.9084
0.341,-31.6735,48.3162
0.346,-33.2475,46.7422
0.351,-34.8011,45.1887
0.356,-36.3324,43.6573
0.361,-37.8404,42.1493
0.366,-39.3243,40.6654
0.371,-40.7838,39.2059
0.376,-42.2191,37.7706
0.381,-43.6308,36.3589
0.386,-45.0198,34.9699
0.391,-46.3869,33.6028
0.396,-47.7334,32.2563
0.401,-49.0602,30.9295
0.406,-50.368,29.6217
0.411,-51.6572,28.3325
0.416,-52.9277,27.062
0.421,-54.1789,25.8108
0.426,-55.4097,24.58
0.431,-56.6186,23.3711
0.436,-57.8039,22.1858
0.441,-58.9636,21.0261
0.446,-60.0957,19.8941
0.451,-61.1979,18.7918
0.456,-62.2682,17.7215
0.461,-63.3045,16.6852
0.466,-64.3048,15.6849
0.471,-65.2674,14.7223
0.476,-66.1906,13.7991
0.481,-67.0732,12.9166
0.486,-67.9143,12.0755
0.491,-68.7134,11.2763
0.496,-69.4707,10.5191
0.501,-70.1864,9.80332
0.506,-70.8614,9.1283
0.511,-71.4968,8.49287
0.516,-72.094,7.89568
0.521,-72.6545,7.3352
0.526,-73.1799,6.8098
0.531,-73.6719,6.31777
0.536,-74.1323,5.85743
0.541,-74.5626,5.42708
0.546,-74.9646,5.02511
0.551,-75.3398,4.64993
0.556,-75.6897,4.30004
0.561,-76.0157,3.97398
0.566,-76.3193,3.6704
0.571,-76.6017,3.38797
0.576,-76.8643,3.12546
0.581,-77.1081,2.88166
0.586,-77.3343,2.65544
0.591,-77.544,2.44572
0.596,-77.7383,2.25146
0.601,-77.918,2.07167
0.606,-78.0843,1.9054
0.611,-78.2379,1.75176
0.616,-78.3798,1.60989
0.621,-78.5107,1.47898
0.626,-78.6315,1.35826
0.631,-78.7427,1.247
0.636,-78.8452,1.14451
0.641,-78.9395,1.05016
0.646,-79.0264,0.963345
0.651,-79.1062,0.883489
0.656,-79.1796,0.810067
0.661,-79.2471,0.742587
0.666,-79.3091,0.680589
0.671,-79.3661,0.623645
0.676,-79.4184,0.57136
0.681,-79.4663,0.523364
0.686,-79.5104,0.479317
0.691,-79.5508,0.438903
0.696,-79.5879,0.401831
0.701,-79.6219,0.367832
0.706,-79.6531,0.336656
0.711,-79.6816,0.308074
0.716,-79.7078,0.281875
0.721,-79.7318,0.257863
0.726,-79.7539,0.23586
0.731,-79.774,0.215701
0.736,-79.7925,0.197232
0.741,-79.8094,0.180315
0.746,-79.8249,0.164821
0.751,-79.8391,0.150633
0.756,-79.8521,0.13764
0.761,-79.864,0.125746
0.766,-79.8749,0.114856
0.771,-79.8848,0.104889
0.776,-79.8939,0.0957659
0.781,-79.9023,0.087417
0.786,-79.9099,0.0797773
0.791,-79.9169,0.0727872
0.796,-79.9233,0.0663922
0.801,-79.9292,0.0605424
0.806,-79.9345,0.0551917
0.811,-79.9394,0.0502982
0.816,-79.9439,0.0458233
0.821,-79.948,0.0417317
0.826,-79.9517,0.037991
0.831,-79.9551,0.0345717
0.836,-79.9583,0.0314464
0.841,-79.9611,0.0285903
0.846,-79.9637,0.0259806
0.851,-79.9661,0.0235964
0.856,-79.9683,0.0214185
0.861,-79.9703,0.0194295
0.866,-79.9721,0.0176132
0.871,-79.9738,0.015955
0.876,-79.9753,0.0144414
0.881,-79.9767,0.0130601
0.886,-79.9779,0.0117999
0.891,-79.9791,0.0106503
0.896,-79.9801,0.00960187
0.901,-79.9811,0.00864604
0.906,-79.9819,0.00777485
0.911,-79.9827,0.00698103
0.916,-79.9835,0.00625796
0.921,-79.9841,0.00559955
0.926,-79.9847,0.00500024
0.931,-79.9853,0.00445494
0.936,-79.9858,0.00395901
0.941,-79.9862,0.00350817
0.946,-79.9866,0.00309852
0.951,-79.987,0.00272651
0.956,-79.9873,0.00238886
0.961,-79.9876,0.0020826
0.966,-79.9879,0.00180499
0.971,-79.9882,0.00155353
0.976,-79.9884,0.00132594
0.981,-79.9886,0.00112013
0.986,-79.9888,0.000934187
0.991,-79.9889,0.000766367
0.996,-79.9891,0.000615072
1.001,-79.9892,0.000478839
1.006,-79.9894,0.000356335
1.011,-79.9895,0.000246338
1.016,-79.9896,0.000147733
1.021,-79.9897,5.94999e-05
1.026,-79.9897,-1.92934e-05
1.031,-79.9898,-8.9498e-05
1.036,-79.9899,-0.000151892
1.041,-79.9899,-0.000207187
1.046,-79.99,-0.000256031
1.051,-79.99,-0.000299018
1.056,-79.99,-0.000336689
1.061,-79.9901,-0.000369538
1.066,-79.9901,-0.000398016
1.071,-79.9901,-0.000422536
1.076,-79.9902,-0.000443473
1.081,-79.9902,-0.000461171
1.086,-79.9902,-0.000475942
1.091,-79.9902,-0.000488071
1.096,-79.9902,-0.000497819
1.101,-79.9902,-0.000505423
1.106,-79.9902,-0.000511098
1.111,-79.9902,-0.000515042
1.116,-79.9902,-0.000517433
1.121,-79.9902,-0.000518436
1.126,-79.9902,-0.000518199
1.131,-79.9902,-0.000516856
1.136,-79.9902,-0.000514531
1.141,-79.9902,-0.000511335
1.146,-79.9902,-0.00050737
1.151,-79.9902,-0.000502728
1.156,-79.9902,-0.000497493
1.161,-79.9902,-0.000491739
1.166,-79.9902,-0.000485538
1.171,-79.9902,-0.000478949
1.176,-79.9902,-0.000472031
1.181,-79.9902,-0.000464833
1.186,-79.9902,-0.000457401
1.191,-79.9902,-0.000449779
1.196,-79.9902,-0.000442002
1.201,-79.9901,-0.000434104
1.206,-79.9901,-0.000426116
1.211,-79.9901,-0.000418066
1.216,-79.9901,-0.000409976
1.221,-79.9901,-0.00040187
1.226,-79.9901,-0.000393767
1.231,-79.9901,-0.000385685
1.236,-79.9901,-0.000377637
1.241,-79.9901,-0.000369639
1.246,-79.9901,-0.000361703
1.251,-79.9901,-0.000353839
1.256,-79.9901,-0.000346056
1.261,-79.99,-0.000338363
1.266,-79.99,-0.000330766
1.271,-79.99,-0.000323273
1.276,-79.99,-0.000315887
1.281,-79.99,-0.000308613
1.286,-79.99,-0.000301456
1.291,-79.99,-0.000294418
1.296,-79.99,-0.000287501
1.301,-79.99,-0.000280708
1.306,-79.99,-0.000274039
1.311,-79.99,-0.000267496
1.316,-79.99,-0.00026108
1.321,-79.99,-0.000254791
1.326,-79.99,-0.000248628
1.331,-79.99,-0.000242592
1.336,-79.9899,-0.000236682
1.341,-79.9899,-0.000230896
1.346,-79.9899,-0.000225235
1.351,-79.9899,-0.000219697
1.356,-79.9899,-0.000214281
1.361,-79.9899,-0.000208985
1.366,-79.9899,-0.000203807
1.371,-79.9899,-0.000198748
1.376,-79.9899,-0.000193803
1.381,-79.9899,-0.000188973
1.386,-79.9899,-0.000184254
1.391,-79.9899,-0.000179646
1.396,-79.9899,-0.000175146
1.401,-79.9899,-0.000170752
1.406,-79.9899,-0.000166462
1.411,-79.9899,-0.000162275
1.416,-79.9899,-0.000158189
1.421,-79.9899,-0.0001542
1.426,-79.9899,-0.000150309
1.431,-79.9899,-0.000146511
1.436,-79.9899,-0.000142806
1.441,-79.9899,-0.000139192
1.446,-79.9898,-0.000135667
1.451,-79.9898,-0.000132227
1.456,-79.9898,-0.000128873
1.461,-79.9898,-0.000125602
1.466,-79.9898,-0.000122412
1.471,-79.9898,-0.000119301
1.476,-79.9898,-0.000116267
1.481,-79.9898,-0.000113309
1.486,-79.9898,-0.000110425
1.491,-79.9898,-0.000107612
1.496,-79.9898,-0.000104871
1.501,-79.9898,-0.000102198
1.506,-79.9898,-9.95922e-05
1.511,-79.9898,-9.70521e-05
1.516,-79.9898,-9.45757e-05
1.521,-79.9898,-9.21619e-05
1.526,-79.9898,-8.9809e-05
1.531,-79.9898,-8.75155e-05
1.536,-79.9898,-8.52802e-05
1.541,-79.9898,-8.31013e-05
1.546,-79.9898,-8.09776e-05
1.551,-79.9898,-7.89075e-05
1.556,-79.9898,-7.68903e-05
1.561,-79.9898,-7.4924e-05
1.566,-79.9898,-7.30079e-05
1.571,-79.9898,-7.11404e-05
1.576,-79.9898,-6.93204e-05
1.581,-79.9898,-6.75467e-05
1.586,-79.9898,-6.58181e-05
1.591,-79.9898,-6.41335e-05
1.596,-79.9898,-6.24918e-05
1.601,-79.9898,-6.08921e-05
1.606,-79.9898,-5.93329e-05
1.611,-79.9898,-5.78137e-05
1.616,-79.9898,-5.63333e-05
1.621,-79.9898,-5.48907e-05
1.626,-79.9898,-5.34847e-05
1.631,-79.9898,-5.21148e-05
1.636,-79.9898,-5.07797e-05
1.641,-79.9898,-4.9479e-05
1.646,-79.9898,-4.82113e-05
1.651,-79.9898,-4.69762e-05
1.656,-79.9898,-4.57726e-05
1.661,-79.9898,-4.45997e-05
1.666,-79.9898,-4.34568e-05
1.671,-79.9898,-4.23432e-05
1.676,-79.9898,-4.12579e-05
1.681,-79.9898,-4.02005e-05
1.686,-79.9898,-3.91703e-05
1.691,-79.9897,-3.81664e-05
1.696,-79.9897,-3.7188e-05
1.701,-79.9897,-3.62348e-05
1.706,-79.9897,-3.53059e-05
1.711,-79.9897,-3.44011e-05
1.716,-79.9897,-3.35193e-05
1.721,-79.9897,-3.26598e-05
1.726,-79.9897,-3.18226e-05
1.731,-79.9897,-3.10068e-05
1.736,-79.9897,-3.0212e-05
1.741,-79.9897,-2.94374e-05
1.746,-79.9897,-2.86826e-05
1.751,-79.9897,-2.79473e-05
1.756,-79.9897,-2.72307e-05
1.761,-79.9897,-2.65326e-05
1.766,-79.9897,-2.58524e-05
1.771,-79.9897,-2.51896e-05
1.776,-79.9897,-2.45438e-05
1.781,-79.9897,-2.39144e-05
1.786,-79.9897,-2.33011e-05
1.791,-79.9897,-2.27036e-05
1.796,-79.9897,-2.21216e-05
1.801,-79.9897,-2.15543e-05
1.806,-79.9897,-2.10017e-05
1.811,-79.9897,-2.04632e-05
1.816,-79.9897,-1.99385e-05
1.821,-79.9897,-1.94273e-05
1.826,-79.9897,-1.8929e-05
1.831,-79.9897,-1.84437e-05
1.836,-79.9897,-1.79707e-05
1.841,-79.9897,-1.751e-05
1.846,-79.9897,-1.7061e-05
1.851,-79.9897,-1.66234e-05
1.856,-79.9897,-1.61972e-05
1.861,-79.9897,-1.57817e-05
1.866,-79.9897,-1.53769e-05
1.871,-79.9897,-1.49828e-05
1.876,-79.9897,-1.45986e-05
1.881,-79.9897,-1.42242e-05
1.886,-79.9897,-1.38595e-05
1.891,-79.9897,-1.35042e-05
1.896,-79.9897,-1.31578e-05
1.901,-79.9897,-1.28203e-05
1.906,-79.9897,-1.24917e-05
1.911,-79.9897,-1.21712e-05
1.916,-79.9897,-1.18591e-05
1.921,-79.9897,-1.1555e-05
1.926,-79.9897,-1.12587e-05
1.931,-79.9897,-1.09701e-05
1.936,-79.9897,-1.06887e-05
1.941,-79.9897,-1.04146e-05
1.946,-79.9897,-1.01474e-05
1.951,-79.9897,-9.88731e-06
1.956,-79.9897,-9.63375e-06
1.961,-79.9897,-9.38676e-06
1.966,-79.9897,-9.14589e-06
1.971,-79.9897,-8.91143e-06
1.976,-79.9897,-8.68287e-06
1.981,-79.9897,-8.46016e-06
1.986,-79.9897,-8.24335e-06
1.991,-79.9897,-8.03187e-06
1.996,-79.9897,-7.82602e-06
2.001,-79.9897,-7.62516e-06
2.006,-79.9897,-7.42962e-06
2.011,-79.9897,-7.23905e-06
2.016,-79.9897,-7.0535e-06
2.021,-79.9897,-6.87254e-06
2.026,-79.9897,-6.69658e-06
2.031,-79.9897,-6.52456e-06
2.036,-79.9897,-6.35724e-06
2.041,-79.9897,-6.19445e-06
2.046,-79.9897,-6.03545e-06
2.051,-79.9897,-5.88079e-06
2.056,-79.9897,-5.73004e-06
2.061,-79.9897,-5.58279e-06
2.066,-79.9897,-5.43988e-06
2.071,-79.9897,-5.30028e-06
2.076,-79.9897,-5.16446e-06
2.081,-79.9897,-5.03192e-06
2.086,-79.9897,-4.90295e-06
2.091,-79.9897,-4.77708e-06
2.096,-79.9897,-4.65469e-06
2.101,-79.9897,-4.53535e-06
2.106,-79.9897,-4.4189e-06
2.111,-79.9897,-4.30569e-06
2.116,-79.9897,-4.19525e-06
2.121,-79.9897,-4.08781e-06
2.126,-79.9897,-3.98279e-06
2.131,-79.9897,-3.88077e-06
2.136,-79.9897,-3.78132e-06
2.141,-79.9897,-3.68431e-06
2.146,-79.9897,-3.58968e-06
2.151,-79.9897,-3.49767e-06
2.156,-79.9897,-3.40806e-06
2.161,-79.9897,-3.32065e-06
2.166,-79.9897,-3.23562e-06
2.171,-79.9897,-3.15264e-06
2.176,-79.9897,-3.07147e-06
2.181,-79.9897,-2.99282e-06
2.186,-79.9897,-2.91608e-06
2.191,-79.9897,-2.84147e-06
2.196,-79.9897,-2.76866e-06
2.201,-79.9897,-2.69743e-06
2.206,-79.9897,-2.62827e-06
2.211,-79.9897,-2.56098e-06
2.216,-79.9897,-2.49522e-06
2.221,-79.9897,-2.43126e-06
2.226,-79.9897,-2.36909e-06
2.231,-79.9897,-2.30828e-06
2.236,-79.9897,-2.24908e-06
2.241,-79.9897,-2.19133e-06
2.246,-79.9897,-2.13517e-06
2.251,-79.9897,-2.08037e-06
2.256,-79.9897,-2.02707e-06
2.261,-79.9897,-1.97515e-06
2.266,-79.9897,-1.92428e-06
2.271,-79.9897,-1.87502e-06
2.276,-79.9897,-1.8269e-06
2.281,-79.9897,-1.78005e-06
2.286,-79.9897,-1.73451e-06
2.291,-79.9897,-1.68997e-06
2.296,-79.9897,-1.64676e-06
2.301,-79.9897,-1.60449e-06
2.306,-79.9897,-1.56324e-06
2.311,-79.9897,-1.52328e-06
2.316,-79.9897,-1.48427e-06
2.321,-79.9897,-1.44611e-06
2.326,-79.9897,-1.40898e-06
2.331,-79.9897,-1.37298e-06
2.336,-79.9897,-1.33766e-06
2.341,-79.9897,-1.30356e-06
2.346,-79.9897,-1.27007e-06
2.351,-79.9897,-1.23754e-06
2.356,-79.9897,-1.20568e-06
2.361,-79.9897,-1.17465e-06
2.366,-79.9897,-1.14467e-06
2.371,-79.9897,-1.11535e-06
2.376,-79.9897,-1.08673e-06
2.381,-79.9897,-1.0588e-06
2.386,-79.9897,-1.03182e-06
2.391,-79.9897,-1.00518e-06
2.396,-79.9897,-9.79418e-07
2.401,-79.9897,-9.54437e-07
2.406,-79.9897,-9.29972e-07
2.411,-79.9897,-9.06206e-07
2.416,-79.9897,-8.82822e-07
2.421,-79.9897,-8.60162e-07
2.426,-79.9897,-8.38049e-07
2.431,-79.9897,-8.16779e-07
2.436,-79.9897,-7.95733e-07
2.441,-79.9897,-7.75253e-07
2.446,-79.9897,-7.55385e-07
2.451,-79.9897,-7.36096e-07
2.456,-79.9897,-7.1726e-07
2.461,-79.9897,-6.98806e-07
2.466,-79.9897,-6.80881e-07
2.471,-79.9897,-6.6343e-07
2.476,-79.9897,-6.4649e-07
2.481,-79.9897,-6.29834e-07
2.486,-79.9897,-6.13718e-07
2.491,-79.9897,-5.98011e-07
2.496,-79.9897,-5.82849e-07
2.501,-79.9897,-5.67875e-07
2.506,-79.9897,-5.53109e-07
2.511,-79.9897,-5.38867e-07
2.516,-79.9897,-5.25222e-07
2.521,-79.9897,-5.11737e-07
2.526,-79.9897,-4.986e-07
2.531,-79.9897,-4.85761e-07
2.536,-79.9897,-4.73223e-07
2.541,-79.9897,-4.61395e-07
2.546,-79.9897,-4.4941e-07
2.551,-79.9897,-4.38108e-07
2.556,-79.9897,-4.26603e-07
2.561,-79.9897,-4.15611e-07
2.566,-79.9897,-4.05009e-07
2.571,-79.9897,-3.94739e-07
2.576,-79.9897,-3.84589e-07
2.581,-79.9897,-3.74788e-07
2.586,-79.9897,-3.65093e-07
2.591,-79.9897,-3.55712e-07
2.596,-79.9897,-3.46695e-07
2.601,-79.9897,-3.37688e-07
2.606,-79.9897,-3.29025e-07
2.611,-79.9897,-3.20676e-07
2.616,-79.9897,-3.12455e-07
2.621,-79.9897,-3.04421e-07
2.626,-79.9897,-2.96715e-07
2.631,-79.9897,-2.8913e-07
2.636,-79.9897,-2.8156e-07
2.641,-79.9897,-2.74513e-07
2.646,-79.9897,-2.6743e-07
2.651,-79.9897,-2.60511e-07
2.656,-79.9897,-2.53909e-07
2.661,-79.9897,-2.47456e-07
2.666,-79.9897,-2.40806e-07
2.671,-79.9897,-2.34863e-07
2.676,-79.9897,-2.28891e-07
2.681,-79.9897,-2.23012e-07
2.686,-79.9897,-2.17274e-07
2.691,-79.9897,-2.1159e-07
2.696,-79.9897,-2.06302e-07
2.701,-79.9897,-2.01037e-07
2.706,-79.9897,-1.95774e-07
2.711,-79.9897,-1.90722e-07
2.716,-79.9897,-1.85975e-07
2.721,-79.9897,-1.81192e-07
2.726,-79.9897,-1.76572e-07
2.731,-79.9897,-1.72009e-07
2.736,-79.9897,-1.67609e-07
2.741,-79.9897,-1.63258e-07
2.746,-79.9897,-1.5915e-07
2.751,-79.9897,-1.55167e-07
2.756,-79.9897,-1.511e-07
2.761,-79.9897,-1.47241e-07
2.766,-79.9897,-1.43422e-07
2.771,-79.9897,-1.39824e-07
2.776,-79.9897,-1.36241e-07
2.781,-79.9897,-1.32808e-07
2.786,-79.9897,-1.29349e-07
2.791,-79.9897,-1.26061e-07
2.796,-79.9897,-1.22741e-07
2.801,-79.9897,-1.19732e-07
2.806,-79.9897,-1.16515e-07
2.811,-79.9897,-1.13553e-07
2.816,-79.9897,-1.10642e-07
2.821,-79.9897,-1.07859e-07
2.826,-79.9897,-1.0489e-07
2.831,-79.9897,-1.02675e-07
2.836,-79.9897,-9.99025e-08
2.841,-79.9897,-9.71963e-08
2.846,-79.9897,-9.47535e-08
2.851,-79.9897,-9.22959e-08
2.856,-79.9897,-9.00516e-08
2.861,-79.9897,-8.78084e-08
2.866,-79.9897,-8.53758e-08
2.871,-79.9897,-8.33797e-08
2.876,-79.9897,-8.13243e-08
2.881,-79.9897,-7.92027e-08
2.886,-79.9897,-7.71502e-08
2.891,-79.9897,-7.50294e-08
2.896,-79.9897,-7.31453e-08
2.901,-79.9897,-7.12318e-08
2.906,-79.9897,-6.93462e-08
2.911,-79.9897,-6.76767e-08
2.916,-79.9897,-6.60566e-08
2.921,-79.9897,-6.43534e-08
2.926,-79.9897,-6.26283e-08
2.931,-79.9897,-6.10729e-08
2.936,-79.9897,-5.93993e-08
2.941,-79.9897,-5.79832e-08
2.946,-79.9897,-5.64086e-08
2.951,-79.9897,-5.49958e-08
2.956,-79.9897,-5.36334e-08
2.961,-79.9897,-5.21924e-08
2.966,-79.9897,-5.09116e-08
2.971,-79.9897,-4.97415e-08
2.976,-79.9897,-4.84943e-08
2.981,-79.9897,-4.71076e-08
2.986,-79.9897,-4.6102e-08
2.991,-79.9897,-4.48476e-08
2.996,-79.9897,-4.36161e-08
3.001,-79.9897,-4.24441e-08
3.006,-79.9897,-4.1488e-08
3.011,-79.9897,-4.03492e-08
3.016,-79.9897,-3.92839e-08
3.021,-79.9897,-3.83862e-08
3.026,-79.9897,-3.73451e-08
3.031,-79.9897,-3.63605e-08
3.036,-79.9897,-3.54489e-08
3.041,-79.9897,-3.44322e-08
3.046,-79.9897,-3.36183e-08
3.051,-79.9897,-3.27242e-08
3.056,-79.9897,-3.19981e-08
3.061,-79.9897,-3.12584e-08
3.066,-79.9897,-3.03407e-08
3.071,-79.9897,-2.96649e-08
3.076,-79.9897,-2.87596e-08
3.081,-79.9897,-2.80632e-08
3.086,-79.9897,-2.7662e-08
3.091,-79.9897,-2.68185e-08
3.096,-79.9897,-2.62566e-08
3.101,-79.9897,-2.5359e-08
3.106,-79.9897,-2.47181e-08
3.111,-79.9897,-2.42233e-08
3.116,-79.9897,-2.36412e-08
3.121,-79.9897,-2.27886e-08
3.126,-79.9897,-2.22783e-08
3.131,-79.9897,-2.17902e-08
3.136,-79.9897,-2.11293e-08
3.141,-79.9897,-2.05057e-08
3.146,-79.9897,-2.01955e-08
3.151,-79.9897,-1.9676e-08
3.156,-79.9897,-1.93413e-08
3.161,-79.9897,-1.87671e-08
3.166,-79.9897,-1.80686e-08
3.171,-79.9897,-1.7836e-08
3.176,-79.9897,-1.72616e-08
3.181,-79.9897,-1.68617e-08
3.186,-79.9897,-1.6281e-08
3.191,-79.9897,-1.60491e-08
3.196,-79.9897,-1.54946e-08
3.201,-79.9897,-1.52436e-08
3.206,-79.9897,-1.48033e-08
3.211,-79.9897,-1.44594e-08
3.216,-79.9897,-1.40457e-08
3.221,-79.9897,-1.37703e-08
3.226,-79.9897,-1.32444e-08
3.231,-79.9897,-1.30049e-08
3.236,-79.9897,-1.28656e-08
3.241,-79.9897,-1.23189e-08
3.246,-79.9897,-1.22383e-08
3.251,-79.9897,-1.17618e-08
3.256,-79.9897,-1.14148e-08
3.261,-79.9897,-1.12783e-08
3.266,-79.9897,-1.08714e-08
3.271,-79.9897,-1.07234e-08
3.276,-79.9897,-1.02991e-08
3.281,-79.9897,-1.01917e-08
3.286,-79.9897,-9.77288e-09
3.291,-79.9897,-9.47067e-09
3.296,-79.9897,-9.45799e-09
3.301,-79.9897,-9.14688e-09
3.306,-79.9897,-8.92812e-09
3.311,-79.9897,-8.72248e-09
3.316,-79.9897,-8.46331e-09
3.321,-79.9897,-8.31721e-09
3.326,-79.9897,-7.92176e-09
3.331,-79.9897,-7.83169e-09
3.336,-79.9897,-7.61403e-09
3.341,-79.9897,-7.29525e-09
3.346,-79.9897,-7.44858e-09
3.351,-79.9897,-7.02513e-09
3.356,-79.9897,-7.06604e-09
3.361,-79.9897,-6.81642e-09
3.366,-79.9897,-6.51436e-09
3.371,-79.9897,-6.39398e-09
3.376,-79.9897,-6.33767e-09
3.381,-79.9897,-6.17298e-09
3.386,-79.9897,-5.94051e-09
3.391,-79.9897,-5.86506e-09
3.396,-79.9897,-5.73694e-09
3.401,-79.9897,-5.51448e-09
3.406,-79.9897,-5.47094e-09
3.411,-79.9897,-5.2245e-09
3.416,-79.9897,-5.20604e-09
3.421,-79.9897,-4.92287e-09
3.426,-79.9897,-4.93365e-09
3.431,-79.9897,-4.76348e-09
3.436,-79.9897,-4.62411e-09
3.441,-79.9897,-4.56675e-09
3.446,-79.9897,-4.48423e-09
3.451,-79.9897,-4.46282e-09
3.456,-79.9897,-4.20171e-09
3.461,-79.9897,-4.20351e-09
3.466,-79.9897,-3.88288e-09
3.471,-79.9897,-3.84406e-09
3.476,-79.9897,-3.71234e-09
3.481,-79.9897,-3.73157e-09
3.486,-79.9897,-3.63617e-09
3.491,-79.9897,-3.61799e-09
3.496,-79.9897,-3.52902e-09
3.501,-79.9897,-3.51297e-09
3.506,-79.9897,-3.37347e-09
3.511,-79.9897,-3.29865e-09
3.516,-79.9897,-3.17153e-09
3.521,-79.9897,-3.102e-09
3.526,-79.9897,-3.12152e-09
3.531,-79.9897,-2.83655e-09
3.536,-79.9897,-2.7244e-09
3.541,-79.9897,-2.83694e-09
3.546,-79.9897,-2.75951e-09
3.551,-79.9897,-2.45724e-09
3.556,-79.9897,-2.66401e-09
3.561,-79.9897,-2.5267e-09
3.566,-79.9897,-2.42012e-09
3.571,-79.9897,-2.4665e-09
3.576,-79.9897,-2.53417e-09
3.581,-79.9897,-2.53141e-09
3.586,-79.9897,-2.2069e-09
3.591,-79.9897,-2.15777e-09
3.596,-79.9897,-2.09617e-09
3.601,-79.9897,-2.06904e-09
3.606,-79.9897,-2.03203e-09
3.611,-79.9897,-2.26136e-09
3.616,-79.9897,-2.01292e-09
3.621,-79.9897,-1.97682e-09
3.626,-79.9897,-1.88859e-09
3.631,-79.9897,-1.88795e-09
3.636,-79.9897,-1.97091e-09
3.641,-79.9897,-1.90098e-09
3.646,-79.9897,-1.78502e-09
3.651,-79.9897,-1.84773e-09
3.656,-79.9897,-1.51532e-09
3.661,-79.9897,-1.60799e-09
3.666,-79.9897,-1.67379e-09
3.671,-79.9897,-1.68464e-09
3.676,-79.9897,-1.44476e-09
3.681,-79.9897,-1.50417e-09
3.686,-79.9897,-1.37174e-09
3.691,-79.9897,-1.34957e-09
3.696,-79.9897,-1.41032e-09
3.701,-79.9897,-1.49873e-09
3.706,-79.9897,-1.30451e-09
3.711,-79.9897,-1.45249e-09
3.716,-79.9897,-1.32039e-09
3.721,-79.9897,-1.18493e-09
3.726,-79.9897,-1.23544e-09
3.731,-79.9897,-1.12234e-09
3.736,-79.9897,-1.11712e-09
3.741,-79.9897,-1.14542e-09
3.746,-79.9897,-1.12087e-09
3.751,-79.9897,-1.10291e-09
3.756,-79.9897,-1.08578e-09
3.761,-79.9897,-8.92494e-10
3.766,-79.9897,-1.17778e-09
3.771,-79.9897,-1.07518e-09
3.776,-79.9897,-1.03616e-09
3.781,-79.9897,-1.07392e-09
3.786,-79.9897,-8.5798e-10
3.791,-79.9897,-9.81937e-10
3.796,-79.9897,-7.92255e-10
3.801,-79.9897,-9.05234e-10
3.806,-79.9897,-7.23865e-10
3.811,-79.9897,-9.14366e-10
3.816,-79.9897,-9.42135e-10
3.821,-79.9897,-8.48654e-10
3.826,-79.9897,-8.11115e-10
3.831,-79.9897,-8.89483e-10
3.836,-79.9897,-7.53134e-10
3.841,-79.9897,-7.94295e-10
3.846,-79.9897,-6.52173e-10
3.851,-79.9897,-7.75643e-10
3.856,-79.9897,-6.16895e-10
3.861,-79.9897,-7.97931e-10
3.866,-79.9897,-7.89799e-10
3.871,-79.9897,-8.39329e-10
3.876,-79.9897,-6.38198e-10
3.881,-79.9897,-7.10904e-10
3.886,-79.9897,-6.65579e-10
3.891,-79.9897,-7.17593e-10
3.896,-79.9897,-7.60961e-10
3.901,-79.9897,-7.21687e-10
3.906,-79.9897,-5.19931e-10
3.911,-79.9897,-6.61846e-10
3.916,-79.9897,-6.38059e-10
3.921,-79.9897,-6.53991e-10
3.926,-79.9897,-5.95163e-10
3.931,-79.9897,-6.58654e-10
3.936,-79.9897,-5.35863e-10
3.941,-79.9897,-7.02202e-10
3.946,-79.9897,-5.46202e-10
3.951,-79.9897,-6.10526e-10
3.956,-79.9897,-5.798e-10
3.961,-79.9897,-6.02574e-10
3.966,-79.9897,-5.40915e-10
3.971,-79.9897,-4.79894e-10
3.976,-79.9897,-6.71879e-10
3.981,-79.9897,-3.72383e-10
3.986,-79.9897,-3.85678e-10
3.991,-79.9897,-5.90153e-10
3.996,-79.9897,-5.34989e-10
4.001,-79.9897,-5.42663e-10
4.006,-79.9897,-6.4411e-10
4.011,-79.9897,-4.22204e-10
4.016,-79.9897,-5.09925e-10
4.021,-79.9897,-4.36803e-10
4.026,-79.9897,-3.40311e-10
4.031,-79.9897,-4.96367e-10
4.036,-79.9897,-5.30506e-10
4.041,-79.9897,-4.83974e-10
4.046,-79.9897,-5.15643e-10
4.051,-79.9897,-3.06852e-10
4.056,-79.9897,-3.08545e-10
4.061,-79.9897,-3.83124e-10
4.066,-79.9897,-4.4785e-10
4.071,-79.9897,-4.13433e-10
4.076,-79.9897,-4.57426e-10
4.081,-79.9897,-4.76036e-10
4.086,-79.9897,-2.50938e-10
4.091,-79.9897,-4.7852e-10
4.096,-79.9897,-2.85827e-10
4.101,-79.9897,-6.01852e-10
4.106,-79.9897,-4.3579e-10
4.111,-79.9897,-2.5753e-10
4.116,-79.9897,-4.75814e-10
4.121,-79.9897,-6.10428e-10
4.126,-79.9897,-4.75148e-10
4.131,-79.9897,-3.65485e-10
4.136,-79.9897,-5.82381e-10
4.141,-79.9897,-4.80394e-10
4.146,-79.9897,-3.66221e-10
4.151,-79.9897,-4.60534e-10
4.156,-79.9897,-3.61919e-10
4.161,-79.9897,-5.35752e-10
4.166,-79.9897,-3.12653e-10
4.171,-79.9897,-3.3433e-10
4.176,-79.9897,-3.13777e-10
4.181,-79.9897,-2.76432e-10
4.186,-79.9897,-3.77934e-10
4.191,-79.9897,-4.16972e-10
4.196,-79.9897,-2.10373e-10
4.201,-79.9897,-3.1862e-10
4.206,-79.9897,-3.44141e-10
4.211,-79.9897,-3.2381e-10
4.216,-79.9897,-3.32193e-10
4.221,-79.9897,-3.1028e-10
4.226,-79.9897,-2.18797e-10
4.231,-79.9897,-3.78753e-10
4.236,-79.9897,-3.69788e-10
4.241,-79.9897,-3.17524e-10
4.246,-79.9897,-2.95083e-10
4.251,-79.9897,-3.36078e-10
4.256,-79.9897,-4.08923e-10
4.261,-79.9897,-3.1404e-10
4.266,-79.9897,-3.00093e-10
4.271,-79.9897,-3.58186e-10
4.276,-79.9897,-3.0087e-10
4.281,-79.9897,-1.33754e-10
4.286,-79.9897,-1.79703e-10
4.291,-79.9897,-2.08097e-10
4.296,-79.9897,-2.12261e-10
4.301,-79.9897,-2.29983e-10
4.306,-79.9897,-3.5863e-10
4.311,-79.9897,-3.17205e-10
4.316,-79.9897,-1.43649e-10
4.321,-79.9897,-4.36803e-10
4.326,-79.9897,-4.47239e-10
4.331,-79.9897,-1.93456e-10
4.336,-79.9897,-3.63529e-10
4.341,-79.9897,-3.93241e-10
4.346,-79.9897,-2.10013e-10
4.351,-79.9897,-1.86837e-10
4.356,-79.9897,-2.63317e-10
4.361,-79.9897,-3.81251e-10
4.366,-79.9897,-4.52069e-10
4.371,-79.9897,-2.39433e-10
4.376,-79.9897,-3.2549e-10
4.381,-79.9897,-2.83717e-10
4.386,-79.9897,-2.14037e-10
4.391,-79.9897,-1.87003e-10
4.396,-79.9897,-2.12455e-10
4.401,-79.9897,-2.80262e-10
4.406,-79.9897,-2.03615e-10
4.411,-79.9897,-1.97412e-10
4.416,-79.9897,-3.30444e-10
4.421,-79.9897,-2.78985e-10
4.426,-79.9897,-3.40755e-10
4.431,-79.9897,-3.1386e-10
4.436,-79.9897,-2.9414e-10
4.441,-79.9897,-2.77389e-10
4.446,-79.9897,-3.31138e-10
4.451,-79.9897,-2.6279e-10
4.456,-79.9897,-1.29036e-10
4.461,-79.9897,-2.16452e-10
4.466,-79.9897,-5.94524e-11
4.471,-79.9897,-1.97661e-10
4.476,-79.9897,-3.68428e-10
4.481,-79.9897,-1.64008e-10
4.486,-79.9897,-2.44735e-10
4.491,-79.9897,-2.08611e-10
4.496,-79.9897,-3.47999e-10
4.501,-79.9897,-3.31749e-10
4.506,-79.9897,-3.20674e-10
4.511,-79.9897,-2.90767e-10
4.516,-79.9897,-2.61e-10
4.521,-79.9897,-3.31776e-10
4.526,-79.9897,-3.2567e-10
4.531,-79.9897,-2.79846e-10
4.536,-79.9897,-3.29736e-10
4.541,-79.9897,-2.39642e-10
4.546,-79.9897,-4.17708e-10
4.551,-79.9897,-2.40516e-10
4.556,-79.9897,-4.24813e-10
4.561,-79.9897,-3.34899e-10
4.566,-79.9897,-3.78322e-10
4.571,-79.9897,-2.37574e-10
4.576,-79.9897,-2.51882e-10
4.581,-79.9897,-2.84522e-10
4.586,-79.9897,-3.15387e-10
4.591,-79.9897,-2.31995e-10
4.596,-79.9897,-1.75582e-10
4.601,-79.9897,-3.12639e-10
4.606,-79.9897,-3.75547e-10
4.611,-79.9897,-3.73951e-10
4.616,-79.9897,-1.38126e-10
4.621,-79.9897,-2.24043e-10
4.626,-79.9897,-2.59695e-10
4.631,-79.9897,-2.16632e-10
4.636,-79.9897,-4.33389e-10
4.641,-79.9897,-2.61444e-10
4.646,-79.9897,-3.43794e-10
4.651,-79.9897,-2.67633e-10
4.656,-79.9897,-2.37241e-10
4.661,-79.9897,-2.11192e-10
4.666,-79.9897,-2.50286e-10
4.671,-79.9897,-2.44096e-10
4.676,-79.9897,-2.87229e-10
4.681,-79.9897,-3.29362e-10
4.686,-79.9897,-2.01367e-10
4.691,-79.9897,-1.86851e-10
4.696,-79.9897,-2.02602e-10
4.701,-79.9897,-4.16958e-10
4.706,-79.9897,-3.11834e-10
4.711,-79.9897,-1.64063e-10
4.716,-79.9897,-2.99816e-10
4.721,-79.9897,-2.65704e-10
4.726,-79.9897,-3.31693e-10
4.731,-79.9897,-2.83634e-10
4.736,-79.9897,-2.38032e-10
4.741,-79.9897,-2.39739e-10
4.746,-79.9897,-2.78874e-10
4.751,-79.9897,-2.62901e-10
4.756,-79.9897,-2.79735e-10
4.761,-79.9897,-3.41366e-10
4.766,-79.9897,-2.51257e-10
4.771,-79.9897,-2.46581e-10
4.776,-79.9897,-1.4154e-10
4.781,-79.9897,-4.50903e-10
4.786,-79.9897,-4.01304e-10
4.791,-79.9897,-4.17597e-10
4.796,-79.9897,-2.32758e-10
4.801,-79.9897,-3.02119e-10
4.806,-79.9897,-3.06727e-10
4.811,-79.9897,-3.28321e-10
4.816,-79.9897,-2.66009e-10
4.821,-79.9897,-2.77181e-10
4.826,-79.9897,-1.68476e-10
4.831,-79.9897,-3.04062e-10
4.836,-79.9897,-2.59431e-10
4.841,-79.9897,-2.18894e-10
4.846,-79.9897,-3.34732e-10
4.851,-79.9897,-2.71269e-10
4.856,-79.9897,-4.08271e-10
4.861,-79.9897,-2.5524e-10
4.866,-79.9897,-2.20962e-10
4.871,-79.9897,-2.37088e-10
4.876,-79.9897,-3.86219e-10
4.881,-79.9897,-2.96457e-10
4.886,-79.9897,-2.72657e-10
4.891,-79.9897,-1.8209e-10
4.896,-79.9897,-2.95999e-10
4.901,-79.9897,-2.49106e-10
4.906,-79.9897,-3.20105e-10
4.911,-79.9897,-4.78867e-10
4.916,-79.9897,-1.1266e-10
4.921,-79.9897,-1.78468e-10
4.926,-79.9897,-1.74e-10
4.931,-79.9897,-3.023e-10
4.936,-79.9897,-2.58626e-10
4.941,-79.9897,-8.49459e-11
4.946,-79.9897,-2.44152e-10
4.951,-79.9897,-4.67015e-10
4.956,-79.9897,-1.9193e-10
4.961,-79.9897,-3.46265e-10
4.966,-79.9897,-2.33674e-10
4.971,-79.9897,-3.15914e-10
4.976,-79.9897,-3.21174e-10
4.981,-79.9897,-3.01814e-10
4.986,-79.9897,-3.125e-10
4.991,-79.9897,-2.72157e-10
4.996,-79.9897,-2.44707e-10
