train_pulse_count,pulse_index,stimulus_time_ms,c_baseline_pre_pulse_mV,c_peak_post_pulse_mV,c_delta_v_mV,c_pulse_propagated_ap,abeta_ap_detected,abeta_ap_propagated,train_overall_classification,train_overall_spiked
1,1,0.0,-65.00110586501712,24.74014843234965,89.74125429736677,True,True,True,PROPAGATED_ACTION_POTENTIAL,True
2,1,0.0,-65.00110586501712,-59.9621330144682,5.038972850548923,True,True,True,PROPAGATED_ACTION_POTENTIAL,True
2,2,10.0,-65.09972848219832,24.83062527694207,89.93035375914039,True,True,True,PROPAGATED_ACTION_POTENTIAL,True
3,1,0.0,-65.00110586501712,-59.9621330144682,5.038972850548923,True,True,True,PROPAGATED_ACTION_POTENTIAL,True
3,2,10.0,-65.09972848219832,24.83062527694207,89.93035375914039,True,True,True,PROPAGATED_ACTION_POTENTIAL,True
3,3,20.0,-73.25818211728796,23.006849027026863,96.26503114431482,True,True,True,PROPAGATED_ACTION_POTENTIAL,True
5,1,0.0,-65.00110586501712,-59.9621330144682,5.038972850548923,True,True,True,PROPAGATED_ACTION_POTENTIAL,True
5,2,10.0,-65.09972848219832,24.83062527694207,89.93035375914039,True,True,True,PROPAGATED_ACTION_POTENTIAL,True
5,3,20.0,-73.25818211728796,23.006849027026863,96.26503114431482,True,True,True,PROPAGATED_ACTION_POTENTIAL,True
5,4,30.0,-75.10998810354006,21.000140308948144,96.11012841248821,True,True,True,PROPAGATED_ACTION_POTENTIAL,True
5,5,40.0,-75.51972972095986,19.841265470175408,95.36099519113526,True,True,True,PROPAGATED_ACTION_POTENTIAL,True
10,1,0.0,-65.00110586501712,-59.9621330144682,5.038972850548923,True,True,True,PROPAGATED_ACTION_POTENTIAL,True
10,2,10.0,-65.09972848219832,24.83062527694207,89.93035375914039,True,True,True,PROPAGATED_ACTION_POTENTIAL,True
10,3,20.0,-73.25818211728796,23.006849027026863,96.26503114431482,True,True,True,PROPAGATED_ACTION_POTENTIAL,True
10,4,30.0,-75.10998810354006,21.000140308948144,96.11012841248821,True,True,True,PROPAGATED_ACTION_POTENTIAL,True
10,5,40.0,-75.51972972095986,19.841265470175408,95.36099519113526,True,True,True,PROPAGATED_ACTION_POTENTIAL,True
10,6,50.0,-75.5376798656991,19.332331695829883,94.87001156152898,True,True,True,PROPAGATED_ACTION_POTENTIAL,True
10,7,60.0,-75.50756754991927,19.158528971882127,94.66609652180139,True,True,True,PROPAGATED_ACTION_POTENTIAL,True
10,8,70.0,-75.49533623885154,19.11236129108801,94.60769752993954,True,True,True,PROPAGATED_ACTION_POTENTIAL,True
10,9,80.0,-75.4920909712068,19.102963358038682,94.59505432924549,True,True,True,PROPAGATED_ACTION_POTENTIAL,True
10,10,90.0,-75.49140089255097,19.10146514791837,94.59286604046935,True,True,True,PROPAGATED_ACTION_POTENTIAL,True
