w_cleft_nm,n_abeta,kappa_m2,lambda_kappa_um,r_e_Mohm_per_m,g_e_mS_per_m,inv_re_m_per_ohm,inv_r1_m_per_ohm,inv_r2_m_per_ohm,sum_inv_r_m_per_ohm,ratio_inv_re_to_sigma,kappa_eff_m2,lambda_eff_um,notes
20.0,1,1000000000.0,31.622776601683796,60974.23304417107,16.400370288800154,1.6400370288800156e-11,7.035559416174582e-11,1.4358284522805267e-12,8.81917929028265e-11,0.18596254536826107,185962545.36826104,73.33094117110605,"lambda_eff is the numerical decay scale of the reduced 1D operator, not the physical cleft decay length"
20.0,2,1000000000.0,31.622776601683796,60974.23304417107,16.400370288800154,1.6400370288800156e-11,7.035559416174582e-11,1.4358284522805267e-12,1.585473870645723e-10,0.10344144165630874,103441441.65630874,98.32245586548186,"lambda_eff is the numerical decay scale of the reduced 1D operator, not the physical cleft decay length"
20.0,5,1000000000.0,31.622776601683796,60974.23304417107,16.400370288800154,1.6400370288800156e-11,7.035559416174582e-11,1.4358284522805267e-12,3.6961416954980974e-10,0.04437159513872484,44371595.138724834,150.12308453584964,"lambda_eff is the numerical decay scale of the reduced 1D operator, not the physical cleft decay length"
20.0,10,1000000000.0,31.622776601683796,60974.23304417107,16.400370288800154,1.6400370288800156e-11,7.035559416174582e-11,1.4358284522805267e-12,7.213921403585388e-10,0.0227343345890198,22734334.5890198,209.72918843702922,"lambda_eff is the numerical decay scale of the reduced 1D operator, not the physical cleft decay length"
20.0,15,1000000000.0,31.622776601683796,60974.23304417107,16.400370288800154,1.6400370288800156e-11,7.035559416174582e-11,1.4358284522805267e-12,1.073170111167268e-09,0.015282172060272685,15282172.060272684,255.80407435057006,"lambda_eff is the numerical decay scale of the reduced 1D operator, not the physical cleft decay length"
20.0,20,1000000000.0,31.622776601683796,60974.23304417107,16.400370288800154,1.6400370288800156e-11,7.035559416174582e-11,1.4358284522805267e-12,1.424948081975997e-09,0.011509451113515317,11509451.113515317,294.76281384572417,"lambda_eff is the numerical decay scale of the reduced 1D operator, not the physical cleft decay length"
20.0,25,1000000000.0,31.622776601683796,60974.23304417107,16.400370288800154,1.6400370288800156e-11,7.035559416174582e-11,1.4358284522805267e-12,1.7767260527847262e-09,0.009230669107989534,9230669.107989535,329.1420793489433,"lambda_eff is the numerical decay scale of the reduced 1D operator, not the physical cleft decay length"
20.0,30,1000000000.0,31.622776601683796,60974.23304417107,16.400370288800154,1.6400370288800156e-11,7.035559416174582e-11,1.4358284522805267e-12,2.128504023593455e-09,0.0077051159438788226,7705115.943878822,360.25532663659976,"lambda_eff is the numerical decay scale of the reduced 1D operator, not the physical cleft decay length"
20.0,40,1000000000.0,31.622776601683796,60974.23304417107,16.400370288800154,1.6400370288800156e-11,7.035559416174582e-11,1.4358284522805267e-12,2.832059965210913e-09,0.005790968584797874,5790968.584797873,415.5510610187841,"lambda_eff is the numerical decay scale of the reduced 1D operator, not the physical cleft decay length"
20.0,50,1000000000.0,31.622776601683796,60974.23304417107,16.400370288800154,1.6400370288800156e-11,7.035559416174582e-11,1.4358284522805267e-12,3.535615906828371e-09,0.0046386176329634545,4638617.632963454,464.3075147546412,"lambda_eff is the numerical decay scale of the reduced 1D operator, not the physical cleft decay length"
50.0,1,1000000000.0,31.622776601683796,57327.30953332555,17.443693209057358,1.744369320905736e-11,7.035559416174582e-11,1.4358284522805267e-12,8.92351158230837e-11,0.19548014308224781,195480143.08224782,71.52348639455487,"lambda_eff is the numerical decay scale of the reduced 1D operator, not the physical cleft decay length"
50.0,2,1000000000.0,31.622776601683796,57327.30953332555,17.443693209057358,1.744369320905736e-11,7.035559416174582e-11,1.4358284522805267e-12,1.5959070998482953e-10,0.10930268566832951,109302685.6683295,95.64991390452745,"lambda_eff is the numerical decay scale of the reduced 1D operator, not the physical cleft decay length"
50.0,5,1000000000.0,31.622776601683796,57327.30953332555,17.443693209057358,1.744369320905736e-11,7.035559416174582e-11,1.4358284522805267e-12,3.7065749247006696e-10,0.04706148820252447,47061488.20252447,145.76967037651494,"lambda_eff is the numerical decay scale of the reduced 1D operator, not the physical cleft decay length"
50.0,10,1000000000.0,31.622776601683796,57327.30953332555,17.443693209057358,1.744369320905736e-11,7.035559416174582e-11,1.4358284522805267e-12,7.22435463278796e-10,0.024145676805355887,24145676.805355888,203.50744807312333,"lambda_eff is the numerical decay scale of the reduced 1D operator, not the physical cleft decay length"
50.0,15,1000000000.0,31.622776601683796,57327.30953332555,17.443693209057358,1.744369320905736e-11,7.035559416174582e-11,1.4358284522805267e-12,1.0742134340875251e-09,0.016238572946050193,16238572.946050193,248.15673684345575,"lambda_eff is the numerical decay scale of the reduced 1D operator, not the physical cleft decay length"
50.0,20,1000000000.0,31.622776601683796,57327.30953332555,17.443693209057358,1.744369320905736e-11,7.035559416174582e-11,1.4358284522805267e-12,1.425991404896254e-09,0.012232677664930561,12232677.66493056,285.91650994713353,"lambda_eff is the numerical decay scale of the reduced 1D operator, not the physical cleft decay length"
50.0,25,1000000000.0,31.622776601683796,57327.30953332555,17.443693209057358,1.744369320905736e-11,7.035559416174582e-11,1.4358284522805267e-12,1.7777693757049832e-09,0.009812123803820154,9812123.803820152,319.2408734481011,"lambda_eff is the numerical decay scale of the reduced 1D operator, not the physical cleft decay length"
50.0,30,1000000000.0,31.622776601683796,57327.30953332555,17.443693209057358,1.744369320905736e-11,7.035559416174582e-11,1.4358284522805267e-12,2.1295473465137124e-09,0.008191268082212154,8191268.082212154,349.4012305351309,"lambda_eff is the numerical decay scale of the reduced 1D operator, not the physical cleft decay length"
50.0,40,1000000000.0,31.622776601683796,57327.30953332555,17.443693209057358,1.744369320905736e-11,7.035559416174582e-11,1.4358284522805267e-12,2.8331032881311703e-09,0.006157097512870392,6157097.512870392,403.0064380857681,"lambda_eff is the numerical decay scale of the reduced 1D operator, not the physical cleft decay length"
50.0,50,1000000000.0,31.622776601683796,57327.30953332555,17.443693209057358,1.744369320905736e-11,7.035559416174582e-11,1.4358284522805267e-12,3.5366592297486287e-09,0.004932251618230458,4932251.618230457,450.27453667478505,"lambda_eff is the numerical decay scale of the reduced 1D operator, not the physical cleft decay length"
100.0,1,1000000000.0,31.622776601683796,52096.544383599095,19.19513111343365,1.919513111343365e-11,7.035559416174582e-11,1.4358284522805267e-12,9.098655372745999e-11,0.21096667943848615,210966679.43848616,68.84827546549981,"lambda_eff is the numerical decay scale of the reduced 1D operator, not the physical cleft decay length"
100.0,2,1000000000.0,31.622776601683796,52096.544383599095,19.19513111343365,1.919513111343365e-11,7.035559416174582e-11,1.4358284522805267e-12,1.613421478892058e-10,0.1189715853207496,118971585.3207496,91.68079607232488,"lambda_eff is the numerical decay scale of the reduced 1D operator, not the physical cleft decay length"
100.0,5,1000000000.0,31.622776601683796,52096.544383599095,19.19513111343365,1.919513111343365e-11,7.035559416174582e-11,1.4358284522805267e-12,3.7240893037444326e-10,0.05154315470935045,51543154.70935045,139.28825639694412,"lambda_eff is the numerical decay scale of the reduced 1D operator, not the physical cleft decay length"
100.0,10,1000000000.0,31.622776601683796,52096.544383599095,19.19513111343365,1.919513111343365e-11,7.035559416174582e-11,1.4358284522805267e-12,7.241869011831723e-10,0.026505769549370138,26505769.549370136,194.23602920032687,"lambda_eff is the numerical decay scale of the reduced 1D operator, not the physical cleft decay length"
100.0,15,1000000000.0,31.622776601683796,52096.544383599095,19.19513111343365,1.919513111343365e-11,7.035559416174582e-11,1.4358284522805267e-12,1.0759648719919014e-09,0.017839923600756855,17839923.600756854,236.75736885875298,"lambda_eff is the numerical decay scale of the reduced 1D operator, not the physical cleft decay length"
100.0,20,1000000000.0,31.622776601683796,52096.544383599095,19.19513111343365,1.919513111343365e-11,7.035559416174582e-11,1.4358284522805267e-12,1.4277428428006304e-09,0.013444389660382316,13444389.660382316,272.7278283900068,"lambda_eff is the numerical decay scale of the reduced 1D operator, not the physical cleft decay length"
100.0,25,1000000000.0,31.622776601683796,52096.544383599095,19.19513111343365,1.919513111343365e-11,7.035559416174582e-11,1.4358284522805267e-12,1.7795208136093596e-09,0.010786685363067277,10786685.363067275,304.4780534746936,"lambda_eff is the numerical decay scale of the reduced 1D operator, not the physical cleft decay length"
100.0,30,1000000000.0,31.622776601683796,52096.544383599095,19.19513111343365,1.919513111343365e-11,7.035559416174582e-11,1.4358284522805267e-12,2.1312987844180885e-09,0.009006306977589968,9006306.977589969,333.21659880196205,"lambda_eff is the numerical decay scale of the reduced 1D operator, not the physical cleft decay length"
100.0,40,1000000000.0,31.622776601683796,52096.544383599095,19.19513111343365,1.919513111343365e-11,7.035559416174582e-11,1.4358284522805267e-12,2.8348547260355464e-09,0.006771116324637004,6771116.324637003,384.2995381937982,"lambda_eff is the numerical decay scale of the reduced 1D operator, not the physical cleft decay length"
100.0,50,1000000000.0,31.622776601683796,52096.544383599095,19.19513111343365,1.919513111343365e-11,7.035559416174582e-11,1.4358284522805267e-12,3.5384106676530047e-09,0.005424788956496562,5424788.956496563,429.34714205964536,"lambda_eff is the numerical decay scale of the reduced 1D operator, not the physical cleft decay length"
200.0,1,1000000000.0,31.622776601683796,43965.45389278878,22.745130811990094,2.2745130811990095e-11,7.035559416174582e-11,1.4358284522805267e-12,9.453655342601643e-11,0.2405961502477479,240596150.2477479,64.46970203773776,"lambda_eff is the numerical decay scale of the reduced 1D operator, not the physical cleft decay length"
200.0,2,1000000000.0,31.622776601683796,43965.45389278878,22.745130811990094,2.2745130811990095e-11,7.035559416174582e-11,1.4358284522805267e-12,1.6489214758776227e-10,0.13793944190025312,137939441.90025312,85.14433693471743,"lambda_eff is the numerical decay scale of the reduced 1D operator, not the physical cleft decay length"
200.0,5,1000000000.0,31.622776601683796,43965.45389278878,22.745130811990094,2.2745130811990095e-11,7.035559416174582e-11,1.4358284522805267e-12,3.7595893007299967e-10,0.0604989773951471,60498977.3951471,128.56595585809902,"lambda_eff is the numerical decay scale of the reduced 1D operator, not the physical cleft decay length"
200.0,10,1000000000.0,31.622776601683796,43965.45389278878,22.745130811990094,2.2745130811990095e-11,7.035559416174582e-11,1.4358284522805267e-12,7.277369008817288e-10,0.031254606966380306,31254606.966380306,178.8722537505374,"lambda_eff is the numerical decay scale of the reduced 1D operator, not the physical cleft decay length"
200.0,15,1000000000.0,31.622776601683796,43965.45389278878,22.745130811990094,2.2745130811990095e-11,7.035559416174582e-11,1.4358284522805267e-12,1.0795148716904578e-09,0.02106977069836244,21069770.698362436,217.85628592695375,"lambda_eff is the numerical decay scale of the reduced 1D operator, not the physical cleft decay length"
200.0,20,1000000000.0,31.622776601683796,43965.45389278878,22.745130811990094,2.2745130811990095e-11,7.035559416174582e-11,1.4358284522805267e-12,1.4312928424991868e-09,0.015891318769033123,15891318.769033123,250.8534222887473,"lambda_eff is the numerical decay scale of the reduced 1D operator, not the physical cleft decay length"
200.0,25,1000000000.0,31.622776601683796,43965.45389278878,22.745130811990094,2.2745130811990095e-11,7.035559416174582e-11,1.4358284522805267e-12,1.783070813307916e-09,0.012756156761824731,12756156.76182473,279.9884241001163,"lambda_eff is the numerical decay scale of the reduced 1D operator, not the physical cleft decay length"
200.0,30,1000000000.0,31.622776601683796,43965.45389278878,22.745130811990094,2.2745130811990095e-11,7.035559416174582e-11,1.4358284522805267e-12,2.134848784116645e-09,0.010654211661835125,10654211.661835125,306.36513474309794,"lambda_eff is the numerical decay scale of the reduced 1D operator, not the physical cleft decay length"
200.0,40,1000000000.0,31.622776601683796,43965.45389278878,22.745130811990094,2.2745130811990095e-11,7.035559416174582e-11,1.4358284522805267e-12,2.838404725734103e-09,0.008013350106760223,8013350.106760223,353.25876082319104,"lambda_eff is the numerical decay scale of the reduced 1D operator, not the physical cleft decay length"
200.0,50,1000000000.0,31.622776601683796,43965.45389278878,22.745130811990094,2.2745130811990095e-11,7.035559416174582e-11,1.4358284522805267e-12,3.541960667351561e-09,0.006421621510833255,6421621.510833255,394.61868735592896,"lambda_eff is the numerical decay scale of the reduced 1D operator, not the physical cleft decay length"
