n_abeta,jitter_ms,v_rest_mV,v_mid_peak_mV,delta_v_mid_mV,spiked,threshold_crossed
1,0.0,-66.82267546904255,-65.06656327930436,1.7561121897381895,False,False
2,0.0,-66.82267546904255,-63.67155368887749,3.151121780165063,False,False
5,0.0,-66.82267546904255,-61.02801316560227,5.794662303440283,False,False
10,0.0,-66.82267546904255,-58.84417546114603,7.978500007896521,False,False
15,0.0,-66.82267546904255,-57.71106435929333,9.11161110974922,False,False
20,0.0,-66.82267546904255,-57.052506427617985,9.770169041424566,False,False
25,0.0,-66.82267546904255,-56.658780385183064,10.163895083859487,False,False
30,0.0,-66.82267546904255,-56.433364612466626,10.389310856575925,False,False
40,0.0,-66.82267546904255,-56.29189442615285,10.5307810428897,False,False
50,0.0,-66.82267546904255,-56.40141804894071,10.421257420101838,False,False
1,1.5,-66.82267546904255,-66.73705377094201,0.08562169810053888,False,False
2,1.5,-66.82267546904255,-66.66630970102837,0.156365768014183,False,False
5,1.5,-66.82267546904255,-66.52585197612626,0.29682349291628896,False,False
10,1.5,-66.82267546904255,-66.39981642177996,0.42285904726259105,False,False
15,1.5,-66.82267546904255,-66.33027554226018,0.4923999267823689,False,False
20,1.5,-66.82267546904255,-66.26018106852221,0.5624944005203361,False,False
25,1.5,-66.82267546904255,-66.19537663107994,0.6272988379626128,False,False
30,1.5,-66.82267546904255,-66.14524828745596,0.6774271815865944,False,False
40,1.5,-66.82267546904255,-66.0880424436821,0.734633025360452,False,False
50,1.5,-66.82267546904255,-66.0442443516438,0.7784311173987533,False,False
