row_id,n_abeta,pulse_frequency,pulse_count,delta_v_peak_mV,c_fiber_peak_V_mV,c_fiber_classification,propagated_c_fiber_ap,abeta_source_integrity,dt_us,dz_um,kappa_m2,relevant_limitation
1,1,Single pulse,1,1.325,-63.675,LOCAL_STIMULUS_TRANSIENT,False,"Verified (single AP, CV=41.0 m/s, amp=80.4 mV)",2.5,10.0,1.0e9,Subthreshold single-pair perturbation; decays passively.
2,25,Single pulse,1,6.015,-58.986,LOCAL_STIMULUS_TRANSIENT,False,"Verified (single AP, CV=41.0 m/s, amp=80.4 mV)",2.5,10.0,1.0e9,Magnitude sensitive to dt (extrapolates to ~15.4 mV at dt->0); classification strictly stable (no spike).
3,50,Single pulse,1,6.184,-58.816,LOCAL_STIMULUS_TRANSIENT,False,"Verified (single AP, CV=41.0 m/s, amp=80.4 mV)",2.5,10.0,1.0e9,Asymptotic saturation: parallel axoplasmic conductance shunts cleft potential as n->infinity.
4,25,100 Hz,2,89.832,24.832,PROPAGATED_ACTION_POTENTIAL,True,"Verified (2/2 APs stable, CV=32.0 m/s, amp=88.6 mV)",2.5,10.0,1.0e9,First pulse train evoking fully propagated C-fiber AP; requires adequate observation time (T >= 35 ms).
5,25,100 Hz,5,89.832,24.832,PROPAGATED_ACTION_POTENTIAL,True,"Verified (5/5 APs stable, CV=33.3 m/s, amp=88.6 mV)",2.5,10.0,1.0e9,Ephaptic recruitment occurs; driven by C-fiber gating accumulation. Requires tight bundle synchrony.
6,25,100 Hz,10,89.832,24.832,PROPAGATED_ACTION_POTENTIAL,True,"Verified (10/10 APs stable, CV=33.3 m/s, amp=88.6 mV)",2.5,10.0,1.0e9,Repetitive C-fiber firing; pulse 10 encounters refractory afterhyperpolarization.
7,25,200 Hz,5,89.869,24.869,PROPAGATED_ACTION_POTENTIAL,True,"Verified (5/5 APs stable, CV=33.3 m/s, amp=88.6 mV)",2.5,10.0,1.0e9,Propagated AP evoked; higher frequency induces 2:1 refractory conduction pattern.
8,25,400 Hz,5,89.955,24.955,LOCAL_ABORTED_SPIKE,False,"Verified (5/5 APs stable, CV=33.3 m/s, amp=88.6 mV)",2.5,10.0,1.0e9,5 pulses at 400 Hz (10 ms total) initiates local threshold crossing but aborts before full downstream propagation.
9,25,400 Hz,10,89.601,24.601,PROPAGATED_ACTION_POTENTIAL,True,"Verified (10/10 APs stable, CV=33.3 m/s, amp=88.6 mV)",2.5,10.0,1.0e9,Cumulative integration triggers propagated spike on pulse 6; subsequent pulses arrive during refractory state.
10,25,Single volley (jittered),1,0.426,-64.574,NO_RESPONSE,False,"Verified (21/21 independent APs propagated, CV=41.0 m/s)",2.5,10.0,1.0e9,"Temporal jitter window of 1.5 ms causes destructive phase cancellation, reducing ephaptic drive by 92.9%."
