condition,pulse_index,stimulus_time_ms,c_baseline_pre_pulse_mV,c_peak_post_pulse_mV,c_peak_delta_v_mV,peak_extracellular_potential_ue_mV,peak_ephaptic_current_Ieph2_A_per_m2,c_gating_m2_pre_pulse,c_gating_h2_pre_pulse,c_gating_n2_pre_pulse,c_spike_classification,c_spiked
CONTROL_A_NORMAL,1,0.0,-65.00110586501712,-59.96213301446819,5.03897285054893,14.334318999212345,13.225921032326104,0.05,0.6,0.32,PROPAGATED_ACTION_POTENTIAL,True
CONTROL_A_NORMAL,2,10.0,-65.09972848219827,24.830625276942033,89.9303537591403,14.316042989788164,13.201148416855547,0.05229518713836555,0.6045275685492772,0.31468038738594345,PROPAGATED_ACTION_POTENTIAL,True
CONTROL_A_NORMAL,3,20.0,-73.25818211728793,23.006849027026853,96.26503114431478,14.338185622488664,13.233179712102697,0.01882563922535166,0.4337471052340121,0.43187841503849983,PROPAGATED_ACTION_POTENTIAL,True
CONTROL_A_NORMAL,4,30.0,-75.10998810354006,21.000140308948204,96.11012841248827,14.323247742322664,13.210081502858003,0.014994868771532185,0.30028914355452474,0.5357182748076763,PROPAGATED_ACTION_POTENTIAL,True
CONTROL_A_NORMAL,5,40.0,-75.51972972095993,19.84126547017542,95.36099519113534,14.32377651356458,13.211823242621906,0.014358337671525879,0.23469451436086866,0.5863407171206985,PROPAGATED_ACTION_POTENTIAL,True
CONTROL_A_NORMAL,6,50.0,-75.53767986569916,19.332331695829897,94.87001156152905,14.3275947589285,13.223594734333227,0.014516648188895412,0.20945734618885084,0.60528622238239,PROPAGATED_ACTION_POTENTIAL,True
CONTROL_A_NORMAL,7,60.0,-75.50756754991933,19.158528971882152,94.66609652180148,14.33359960954751,13.234547648843282,0.0146872920838417,0.2016002199549688,0.6109265568868,PROPAGATED_ACTION_POTENTIAL,True
CONTROL_A_NORMAL,8,70.0,-75.49533623885142,19.112361291087996,94.60769752993941,14.334051489448957,13.235068973041754,0.014746727688332946,0.19962134224121175,0.6122555967876622,PROPAGATED_ACTION_POTENTIAL,True
CONTROL_A_NORMAL,9,80.0,-75.49209097120688,19.102963358038664,94.59505432924554,14.334244014917791,13.23534863986319,0.014760773073937078,0.1992219856395697,0.612498871533816,PROPAGATED_ACTION_POTENTIAL,True
CONTROL_A_NORMAL,10,90.0,-75.49140089255098,-69.93489596160647,5.556504930944513,14.334354092772978,13.235561438562288,0.014763411837673327,0.19915908374687016,0.612531376323706,PROPAGATED_ACTION_POTENTIAL,True
CONTROL_B_STATE_RESET,1,0.0,-65.00110586501712,-59.96213301446819,5.03897285054893,14.334318999212345,13.225921032326104,0.05,0.6,0.32,LOCAL_ABORTED_SPIKE,False
CONTROL_B_STATE_RESET,2,10.0,-65.00141325959994,-59.96516618949584,5.036247070104103,14.32793164880464,13.218327648038102,0.05229518713836555,0.6045275685492772,0.31468038738594345,LOCAL_ABORTED_SPIKE,False
CONTROL_B_STATE_RESET,3,20.0,-65.00141311193376,-59.965165673715816,5.036247438217941,14.327932544102453,13.218329150913263,0.05229520309003778,0.6045293467159772,0.3146797718539353,LOCAL_ABORTED_SPIKE,False
CONTROL_B_STATE_RESET,4,30.0,-65.00141311194126,-59.965165673739826,5.0362474382014355,14.327932544061413,13.218329150843479,0.05229520308709417,0.6045293463649551,0.3146797719755707,LOCAL_ABORTED_SPIKE,False
CONTROL_B_STATE_RESET,5,40.0,-65.00141311194122,-59.96516567373975,5.036247438201471,14.327932544061461,13.218329150843907,0.05229520308709452,0.6045293463649719,0.31467977197556407,LOCAL_ABORTED_SPIKE,False
CONTROL_B_STATE_RESET,6,50.0,-65.00141311194119,-59.965165673739804,5.036247438201386,14.327932544061342,13.218329150843653,0.052295203087094705,0.6045293463649711,0.3146797719755645,LOCAL_ABORTED_SPIKE,False
CONTROL_B_STATE_RESET,7,60.0,-65.00141311194122,-59.965165673739826,5.036247438201393,14.327932544061403,13.218329150843605,0.05229520308709477,0.6045293463649724,0.31467977197556407,LOCAL_ABORTED_SPIKE,False
CONTROL_B_STATE_RESET,8,70.0,-65.00141311194122,-59.965165673739826,5.036247438201393,14.327932544061378,13.218329150843772,0.052295203087094594,0.6045293463649718,0.31467977197556435,LOCAL_ABORTED_SPIKE,False
CONTROL_B_STATE_RESET,9,80.0,-65.00141311194122,-59.965165673739826,5.036247438201393,14.32793254406138,13.218329150843804,0.05229520308709474,0.6045293463649716,0.31467977197556424,LOCAL_ABORTED_SPIKE,False
CONTROL_B_STATE_RESET,10,90.0,-65.00141311194122,-59.96516567373981,5.036247438201407,14.327932544061369,13.218329150843621,0.05229520308709448,0.604529346364972,0.3146797719755642,LOCAL_ABORTED_SPIKE,False
