n_abeta,w_cleft_nm,c_ephaptic_delta_v_mV,c_peak_t_ms,c_peak_z_mm,c_classification,c_propagated_ap,abeta_cv_mps,abeta_ap_amp_mV,abeta_pk_4mm_mV,kappa_eff_m2,lambda_eff_um,peak_ue_mV,max_d2v1_V_per_m2,source_summary,runtime_s
1,20.0,1.3247534448676177,0.145,6.0,LOCAL_STIMULUS_TRANSIENT,False,39.99999999999999,87.56601200004393,7.56601200004393,185962545.36826104,73.33094117110605,61.187808714469426,421596039.6526674,"Abeta AP propagating at 40.0 m/s, peak d2V/dz2=4.22e+08 V/m2",0.7313265800476074
2,20.0,2.2402543621692175,0.18000000000000002,7.0,LOCAL_STIMULUS_TRANSIENT,False,40.0,87.48723598404214,7.487235984042148,103441441.65630874,98.32245586548186,118.13354560650733,719763520.9451691,"Abeta AP propagating at 40.0 m/s, peak d2V/dz2=7.20e+08 V/m2",0.7397313117980957
5,20.0,3.76311843550031,0.1975,7.0,LOCAL_STIMULUS_TRANSIENT,False,37.20930232558139,87.88299613118666,7.882996131186658,44371595.138724834,150.12308453584964,263.784254453139,1426178335.433301,"Abeta AP propagating at 37.2 m/s, peak d2V/dz2=1.43e+09 V/m2",0.7212886810302734
10,20.0,4.929476252937384,0.21500000000000002,7.0,LOCAL_STIMULUS_TRANSIENT,False,34.78260869565217,88.30164779186103,8.301647791861024,22734334.5890198,209.72918843702922,439.6879450059065,2094937448.9165292,"Abeta AP propagating at 34.8 m/s, peak d2V/dz2=2.09e+09 V/m2",1.5852603912353516
15,20.0,5.506754143313607,0.22750000000000004,7.0,LOCAL_STIMULUS_TRANSIENT,False,34.04255319148936,88.5005263831303,8.5005263831303,15282172.060272684,255.80407435057006,563.3133683627026,2417796550.868187,"Abeta AP propagating at 34.0 m/s, peak d2V/dz2=2.42e+09 V/m2",2.0514814853668213
20,20.0,5.828679293706642,0.23750000000000002,7.0,LOCAL_STIMULUS_TRANSIENT,False,32.6530612244898,88.61456234267462,8.61456234267462,11509451.113515317,294.76281384572417,656.5794094961431,2582026285.5160966,"Abeta AP propagating at 32.7 m/s, peak d2V/dz2=2.58e+09 V/m2",2.0960006713867188
25,20.0,6.015456300815217,0.2475,7.0,LOCAL_STIMULUS_TRANSIENT,False,32.0,88.65054491386223,8.650544913862234,9230669.107989535,329.1420793489433,730.7277333293655,2667268937.568381,"Abeta AP propagating at 32.0 m/s, peak d2V/dz2=2.67e+09 V/m2",1.9284999370574951
30,20.0,6.120872315440096,0.255,7.0,LOCAL_STIMULUS_TRANSIENT,False,30.188679245283016,88.6757658607857,8.6757658607857,7705115.943878822,360.25532663659976,791.9196567899496,2709791095.8497357,"Abeta AP propagating at 30.2 m/s, peak d2V/dz2=2.71e+09 V/m2",2.099445343017578
40,20.0,6.197177822555368,0.27,7.0,LOCAL_STIMULUS_TRANSIENT,False,28.571428571428573,88.65283014378265,8.652830143782651,5790968.584797873,415.5510610187841,888.7547346003678,2730879248.9832973,"Abeta AP propagating at 28.6 m/s, peak d2V/dz2=2.73e+09 V/m2",2.1020162105560303
50,20.0,6.1844692745269825,0.28250000000000003,7.0,LOCAL_STIMULUS_TRANSIENT,False,27.11864406779661,88.6001719397483,8.600171939748291,4638617.632963454,464.3075147546412,963.5376070198329,2713091026.839968,"Abeta AP propagating at 27.1 m/s, peak d2V/dz2=2.71e+09 V/m2",2.0335049629211426
