n_abeta,jitter_ms,K_phases,c_ephaptic_delta_v_mV,sync_delta_v_mV,attenuation_ratio,c_peak_t_ms,c_peak_z_mm,c_classification,c_propagated_ap,peak_ue_mV,kappa_eff_m2,lambda_eff_um,runtime_s
1,0.0,1,1.3247534448676177,1.3247534448676177,1.0,0.145,6.0,LOCAL_STIMULUS_TRANSIENT,False,61.187808714469426,185962545.36826104,73.33094117110605,0.7352480888366699
1,1.5,21,0.023535187821792647,1.3247534448676177,0.017765711735246336,0.09000000000000001,4.0,NO_RESPONSE,False,7.996559130831863,185962545.36826104,73.33094117110605,6.9988017082214355
2,0.0,1,2.2402543621692175,2.2402543621692175,1.0,0.18000000000000002,7.0,LOCAL_STIMULUS_TRANSIENT,False,118.13354560650733,103441441.65630874,98.32245586548186,2.1938366889953613
2,1.5,21,0.05948945130312211,2.2402543621692175,0.026554775345027797,0.095,4.0,NO_RESPONSE,False,17.44272554792484,103441441.65630874,98.32245586548186,9.521140813827515
5,0.0,1,3.76311843550031,3.76311843550031,1.0,0.1975,7.0,LOCAL_STIMULUS_TRANSIENT,False,263.784254453139,44371595.138724834,150.12308453584964,2.0915939807891846
5,1.5,21,0.5034482859727945,3.76311843550031,0.13378486343225085,7.4975000000000005,3.0,LOCAL_STIMULUS_TRANSIENT,False,44.59262131636749,44371595.138724834,150.12308453584964,9.499417304992676
10,0.0,1,4.929476252937384,4.929476252937384,1.0,0.21500000000000002,7.0,LOCAL_STIMULUS_TRANSIENT,False,439.6879450059065,22734334.5890198,209.72918843702922,2.139336585998535
10,1.5,21,1.2140799913493368,4.929476252937384,0.24628985495688083,7.4975000000000005,3.0,LOCAL_STIMULUS_TRANSIENT,False,79.00986286153642,22734334.5890198,209.72918843702922,9.518009901046753
15,0.0,1,5.506754143313607,5.506754143313607,1.0,0.22750000000000004,7.0,LOCAL_STIMULUS_TRANSIENT,False,563.3133683627026,15282172.060272684,255.80407435057006,2.182852029800415
15,1.5,21,0.6347915957519064,5.506754143313607,0.11527509295519955,7.4975000000000005,3.0,LOCAL_STIMULUS_TRANSIENT,False,107.61223027539155,15282172.060272684,255.80407435057006,9.214446067810059
20,0.0,1,5.828679293706642,5.828679293706642,1.0,0.23750000000000002,7.0,LOCAL_STIMULUS_TRANSIENT,False,656.5794094961431,11509451.113515317,294.76281384572417,1.902714490890503
20,1.5,21,0.37048315805427023,5.828679293706642,0.0635621106232915,0.32,7.0,NO_RESPONSE,False,131.97514489080294,11509451.113515317,294.76281384572417,9.350560665130615
25,0.0,1,6.015456300815217,6.015456300815217,1.0,0.2475,7.0,LOCAL_STIMULUS_TRANSIENT,False,730.7277333293655,9230669.107989535,329.1420793489433,2.0988757610321045
25,1.5,21,0.4264431403925357,6.015456300815217,0.07089123735048063,0.3225,7.0,NO_RESPONSE,False,152.85233894935675,9230669.107989535,329.1420793489433,8.837151527404785
30,0.0,1,6.120872315440096,6.120872315440096,1.0,0.255,7.0,LOCAL_STIMULUS_TRANSIENT,False,791.9196567899496,7705115.943878822,360.25532663659976,2.0782105922698975
30,1.5,21,0.4915452971806644,6.120872315440096,0.0803064125256666,0.5025000000000001,3.1400000000000006,NO_RESPONSE,False,170.93531067540573,7705115.943878822,360.25532663659976,9.332831382751465
40,0.0,1,6.197177822555368,6.197177822555368,1.0,0.27,7.0,LOCAL_STIMULUS_TRANSIENT,False,888.7547346003678,5790968.584797873,415.5510610187841,2.1534276008605957
40,1.5,21,0.6013224962942445,6.197177822555368,0.097031667238216,0.5750000000000001,3.1400000000000006,LOCAL_STIMULUS_TRANSIENT,False,200.67405082475548,5790968.584797873,415.5510610187841,10.934247493743896
50,0.0,1,6.1844692745269825,6.1844692745269825,1.0,0.28250000000000003,7.0,LOCAL_STIMULUS_TRANSIENT,False,963.5376070198329,4638617.632963454,464.3075147546412,2.1528055667877197
50,1.5,21,0.6975767564061499,6.1844692745269825,0.1127949263616487,0.58,3.1500000000000004,LOCAL_STIMULUS_TRANSIENT,False,224.1728664867557,4638617.632963454,464.3075147546412,9.656739950180054
