n_abeta,freq_Hz,interval_ms,n_pulses,train_duration_ms,sim_T_ms,max_delta_v_mV,v_rest_mV,max_v2_mid_mV,first_pulse_delta_v_mV,last_pulse_delta_v_mV,residual_baseline_depol_mV,recovery_between_pulses_pct,activation_accumulates,c_classification,c_spiked,runtime_s
1,100,10.0,1,0.2,5.2,1.288720971365322,-65.00110586501712,-63.7123848936518,1.288720971365322,1.288720971365322,0.0,100.0,False,LOCAL_STIMULUS_TRANSIENT,False,0.6063861846923828
1,100,10.0,2,10.200000000000001,15.200000000000001,1.288720971365322,-65.00110586501712,-63.7123848936518,1.288720971365322,1.3366636663076221,-0.09963912786133733,107.73162927237661,False,LOCAL_STIMULUS_TRANSIENT,False,1.7762763500213623
1,100,10.0,5,40.2,45.199999999999996,1.288720971365322,-65.00110586501712,-63.7123848936518,1.288720971365322,1.335186725346567,-0.12013469078194561,109.74878878486558,False,LOCAL_STIMULUS_TRANSIENT,False,15.979358911514282
1,100,10.0,10,90.2,95.2,1.288720971365322,-65.00110586501712,-63.7123848936518,1.288720971365322,1.335184325215053,-0.12318125956286173,109.74772676483688,False,LOCAL_STIMULUS_TRANSIENT,False,30.68116784095764
1,200,5.0,1,0.2,5.2,1.288720971365322,-65.00110586501712,-63.7123848936518,1.288720971365322,1.288720971365322,0.0,100.0,False,LOCAL_STIMULUS_TRANSIENT,False,1.745162010192871
1,200,5.0,2,5.2,10.200000000000001,1.288720971365322,-65.00110586501712,-63.7123848936518,1.288720971365322,1.341533970530186,-0.29959644611389535,123.24758056792473,False,LOCAL_STIMULUS_TRANSIENT,False,3.4113893508911133
1,200,5.0,5,20.2,25.2,1.288720971365322,-65.00110586501712,-63.7123848936518,1.288720971365322,1.3351971389900115,-0.1602635833103463,110.08415946264039,False,LOCAL_STIMULUS_TRANSIENT,False,8.379695415496826
1,200,5.0,10,45.199999999999996,50.199999999999996,1.288720971365322,-65.00110586501712,-63.7123848936518,1.288720971365322,1.3351753287988046,-0.14077949924714042,109.71965429962127,False,LOCAL_STIMULUS_TRANSIENT,False,17.11845302581787
1,400,2.5,1,0.2,5.2,1.288720971365322,-65.00110586501712,-63.7123848936518,1.288720971365322,1.288720971365322,0.0,100.0,False,LOCAL_STIMULUS_TRANSIENT,False,1.646087646484375
1,400,2.5,2,2.7,7.7,1.288720971365322,-65.00110586501712,-63.7123848936518,1.288720971365322,1.3322615037019858,-0.3571213800026669,127.71130352789388,False,LOCAL_STIMULUS_TRANSIENT,False,2.5544869899749756
1,400,2.5,5,10.200000000000001,15.200000000000001,1.288720971365322,-65.00110586501712,-63.7123848936518,1.288720971365322,1.3366793120660887,-0.23103318761108227,107.67190162594903,False,LOCAL_STIMULUS_TRANSIENT,False,5.470592498779297
1,400,2.5,10,22.7,27.7,1.288720971365322,-65.00110586501712,-63.7123848936518,1.288720971365322,1.335335197292558,-0.1679230417543083,109.8797853410626,False,LOCAL_STIMULUS_TRANSIENT,False,9.2595694065094
25,100,10.0,1,0.2,5.2,5.038972850548923,-65.00110586501712,-59.9621330144682,5.038972850548923,5.038972850548923,0.0,100.0,False,LOCAL_STIMULUS_TRANSIENT,False,1.780703067779541
25,100,10.0,2,10.200000000000001,15.200000000000001,89.8317311419592,-65.00110586501712,24.83062527694207,5.038972850548923,89.93035375914039,-0.09862261718119214,101.95719683566958,True,LOCAL_ABORTED_SPIKE,False,4.968539714813232
25,100,10.0,5,40.2,45.199999999999996,89.8317311419592,-65.00110586501712,24.83062527694207,5.038972850548923,8.043408705861452,-7.245801240979425,308.74539649081225,False,PROPAGATED_ACTION_POTENTIAL,True,15.462817907333374
25,100,10.0,10,90.2,95.2,89.8317311419592,-65.00110586501712,24.83062527694207,5.038972850548923,6.863818301223148,-9.055750128562197,308.18320198710893,False,PROPAGATED_ACTION_POTENTIAL,True,31.8954918384552
25,200,5.0,1,0.2,5.2,5.038972850548923,-65.00110586501712,-59.9621330144682,5.038972850548923,5.038972850548923,0.0,100.0,False,LOCAL_STIMULUS_TRANSIENT,False,1.7157721519470215
25,200,5.0,2,5.2,10.200000000000001,5.038972850548923,-65.00110586501712,-59.9621330144682,5.038972850548923,5.111434251310733,-0.29197258272068893,105.79428767291101,False,LOCAL_ABORTED_SPIKE,False,3.373783826828003
25,200,5.0,5,20.2,25.2,89.8694833774895,-65.00110586501712,24.868377512472378,5.038972850548923,70.23175711637167,4.775732983925524,264.19939301398017,True,PROPAGATED_ACTION_POTENTIAL,True,8.479765892028809
25,200,5.0,10,45.199999999999996,50.199999999999996,89.8694833774895,-65.00110586501712,24.868377512472378,5.038972850548923,90.01989976538863,2.7338442974479156,198.54292550023175,True,PROPAGATED_ACTION_POTENTIAL,True,16.555516004562378
25,400,2.5,1,0.2,5.2,5.038972850548923,-65.00110586501712,-59.9621330144682,5.038972850548923,5.038972850548923,0.0,100.0,False,LOCAL_STIMULUS_TRANSIENT,False,1.1356263160705566
25,400,2.5,2,2.7,7.7,5.038972850548923,-65.00110586501712,-59.9621330144682,5.038972850548923,5.104929730730589,-0.3508887796079705,106.96349811787032,False,LOCAL_STIMULUS_TRANSIENT,False,2.583174467086792
25,400,2.5,5,10.200000000000001,15.200000000000001,89.95484625583177,-65.00110586501712,24.953740390814644,5.038972850548923,90.0328416088745,-0.21521324031073874,101.5478422955631,True,LOCAL_ABORTED_SPIKE,False,5.064952611923218
25,400,2.5,10,22.7,27.7,89.60140085955705,-65.00110586501712,24.600294994539922,5.038972850548923,5.285462221159932,1.33193226172376,209.27994657829174,True,PROPAGATED_ACTION_POTENTIAL,True,8.365948677062988
