bias_A_per_m2,n_abeta,baseline_mV,exact_equilibrium_mV,dV_mid_5ms_mV,dV_downstream_max_5ms_mV,C_fiber_spike_within_10ms,max_V_z_ge_0p3mm_t_gt_1p5ms_mV
0,1,-66.8228,-66.8228,1.75611,1.79152,False,-66.7978
0,25,-66.8228,-66.8228,10.1639,11.2807,False,-60.2346
0.25,1,-59.3038,-59.3038,1.74812,1.7836,False,-59.2675
0.25,25,-59.3038,-59.3038,10.044,11.1416,False,-57.2383
0.5,1,-56.1098,-56.1098,1.74174,1.77716,False,-56.0597
0.5,25,-56.1098,-56.1098,9.94966,11.0317,False,-54.8879
1,1,-52.205,-52.205,1.73144,1.7661,False,-52.1448
1,25,-52.205,-52.205,9.79223,10.8481,False,-51.5604
2,1,-47.3852,-47.3852,1.71407,1.74746,False,-47.3186
2,25,-47.3852,-47.3852,9.54009,10.5534,False,-46.8424
