protocol,value,n_abeta,initial_rest_mV,dV_or_range_mV,classification,spiked,detector_dV_or_max_mV
bias,0,1,-65.1268,1.33557,LOCAL_STIMULUS_TRANSIENT,False,1.3871
bias,0,25,-65.1268,5.10491,LOCAL_STIMULUS_TRANSIENT,False,6.10324
bias,0.05,1,-61.9206,1.33383,LOCAL_STIMULUS_TRANSIENT,False,1.38531
bias,0.05,25,-61.9206,5.0873,LOCAL_STIMULUS_TRANSIENT,False,6.07985
bias,0.1,1,-59.8055,1.33214,LOCAL_STIMULUS_TRANSIENT,False,1.38358
bias,0.1,25,-59.8055,5.0714,LOCAL_STIMULUS_TRANSIENT,False,6.05735
shift,0,1,-65.1268,1.33557,LOCAL_STIMULUS_TRANSIENT,False,1.3871
shift,0,25,-65.1268,5.10491,LOCAL_STIMULUS_TRANSIENT,False,6.10324
shift,3,1,-66.3482,1.33471,LOCAL_STIMULUS_TRANSIENT,False,1.38621
shift,3,25,-66.3482,5.09619,LOCAL_STIMULUS_TRANSIENT,False,6.09168
shift,5,1,-67.0308,1.33389,LOCAL_STIMULUS_TRANSIENT,False,1.38537
shift,5,25,-67.0308,5.08801,LOCAL_STIMULUS_TRANSIENT,False,6.08084
shift,8,1,-67.7579,1.33208,LOCAL_STIMULUS_TRANSIENT,False,1.38351
shift,8,25,-67.7579,5.0709,LOCAL_STIMULUS_TRANSIENT,False,6.05672
bias_spontaneous,0.1,0,,0.0366011,spikes_in_last_100ms=0,False,-59.7908
bias_spontaneous,0.12,0,,87.5186,spikes_in_last_100ms=7,True,13.2942
bias_spontaneous,0.6,0,,53.2238,spikes_in_last_100ms=0,False,-13.0198
bias_spontaneous,1,0,,21.0566,spikes_in_last_100ms=0,False,-35.0361
bias_spontaneous,1.5,0,,0.000644301,spikes_in_last_100ms=0,False,-43.7883
shift_spontaneous,10,0,,88.8714,spikes_in_last_100ms=6,True,12.8339
