bias_A_per_m2,lowest_stable_equilibrium_mV,h8_at_equilibrium,n_stable_equilibria,behavior_from_rest,end_state_mV,end_state_h8
0,-66.8228,0.984282,1,quiescent,-66.8228,0.984282
0.05,-64.235,0.97601,1,quiescent,-64.235,0.97601
0.1,-62.5312,0.968381,1,quiescent,-62.5312,0.968381
0.15,-61.2414,0.961093,1,quiescent,-61.2414,0.961093
0.2,-60.1931,0.954007,1,quiescent,-60.1931,0.954007
0.25,-59.3038,0.947049,1,quiescent,-59.3038,0.947049
0.3,-58.5277,0.940173,1,quiescent,-58.5277,0.940173
0.4,-57.2109,0.926569,1,quiescent,-57.2109,0.926569
0.5,-56.1098,0.913064,1,quiescent,-56.1098,0.913064
0.75,-53.9201,0.879393,1,quiescent,-53.9201,0.879393
1,-52.205,0.845644,1,quiescent,-52.205,0.845644
1.5,-49.5215,0.77792,1,quiescent,-49.5215,0.77792
2,-47.3852,0.710442,1,quiescent,-47.3852,0.710442
3,-43.8999,0.578508,2,quiescent,-43.8999,0.578508
3.2,-43.2706,0.552745,2,quiescent,-43.2706,0.552745
3.4,-42.6528,0.527174,2,quiescent,-21.7009,0.0328254
4,-40.8247,0.451184,2,quiescent,-20.8588,0.0286502
5,-37.4273,0.318188,2,quiescent,-19.7936,0.0241021
10,-16.102,0.013173,1,quiescent,-16.102,0.013173
