delta_V_shift_mV,stable_rest_mV,stable_rest_exists,behavior,firing_rate_Hz,late_min_mV,late_max_mV
-20,-56.2554,True,quiescent,0,-56.2554,-56.2554
-10,-60.3626,True,quiescent,0,-60.3626,-60.3626
-5,-62.795,True,quiescent,0,-62.795,-62.795
-3,-63.7554,True,quiescent,0,-63.7554,-63.7554
0,-65.1268,True,quiescent,0,-65.1268,-65.1268
1,-65.5549,True,quiescent,0,-65.5549,-65.5549
2,-65.9633,True,quiescent,0,-65.9633,-65.9633
3,-66.3482,True,quiescent,0,-66.3482,-66.3482
4,-66.7056,True,quiescent,0,-66.7056,-66.7056
5,-67.0308,True,quiescent,0,-67.0308,-67.0308
6,-67.3185,True,quiescent,0,-67.3185,-67.3185
8,-67.7579,True,quiescent,0,-67.7579,-67.7579
8.5,-67.8347,True,quiescent,0,-67.8347,-67.8347
8.6,,False,repetitive spiking,52,-76.0447,13.9446
9,,False,repetitive spiking,54,-76.044,13.7906
10,,False,repetitive spiking,58,-76.0353,12.6875
12,,False,repetitive spiking,64,-75.9958,8.78158
15,,False,large oscillation (below 0 mV),0,-75.868,-0.699843
