family,value,kappa,n_min,n_max,max_dv
HH_gscale,2.0,1000000000.0,,,26.9074
HH_gscale,2.0,10000000000.0,,,33.3258
HH_gscale,5.0,1000000000.0,,,26.847
HH_gscale,5.0,10000000000.0,,,33.2928
HH_gscale,10.0,1000000000.0,,,26.5808
HH_gscale,10.0,10000000000.0,,,33.1803
HH_speed,2.0,1000000000.0,,,26.9572
HH_speed,2.0,10000000000.0,,,33.3479
HH_speed,3.0,1000000000.0,,,27.074
HH_speed,3.0,10000000000.0,,,33.3947
HH_speed,4.0,1000000000.0,100.0,100.0,23.4962
HH_speed,4.0,10000000000.0,,,33.4855
HH_speed,5.0,1000000000.0,50.0,100.0,21.0017
HH_speed,5.0,10000000000.0,300.0,300.0,32.3058
HH_speed,7.0,1000000000.0,25.0,100.0,16.8829
HH_speed,7.0,10000000000.0,100.0,300.0,27.265
HH_speed,10.0,1000000000.0,25.0,100.0,17.0286
HH_speed,10.0,10000000000.0,75.0,300.0,21.4463
HH_temperature,6.3,1000000000.0,,,26.9055
HH_temperature,6.3,10000000000.0,,,33.3321
HH_temperature,10.0,1000000000.0,,,26.917
HH_temperature,10.0,10000000000.0,,,33.3371
HH_temperature,15.0,1000000000.0,,,26.9521
HH_temperature,15.0,10000000000.0,,,33.3517
HH_temperature,20.0,1000000000.0,,,27.042
HH_temperature,20.0,10000000000.0,,,33.3898
HH_temperature,25.0,1000000000.0,,,27.311
HH_temperature,25.0,10000000000.0,,,33.5164
NavC_speed,2.0,1000000000.0,,,26.9654
NavC_speed,2.0,10000000000.0,,,33.3397
NavC_speed,5.0,1000000000.0,,,27.0346
NavC_speed,5.0,10000000000.0,,,33.3437
NavC_speed,10.0,1000000000.0,,,27.0456
NavC_speed,10.0,10000000000.0,,,33.3366
NavC_tau_m8,0.05,1000000000.0,,,26.9405
NavC_tau_m8,0.05,10000000000.0,,,33.3867
NavC_tau_m8,0.1,1000000000.0,,,26.9335
NavC_tau_m8,0.1,10000000000.0,,,33.3462
NavC_tau_m8,0.2,1000000000.0,,,26.9321
NavC_tau_m8,0.2,10000000000.0,,,33.3394
NavC_tau_m8,0.5,1000000000.0,,,26.9318
NavC_tau_m8,0.5,10000000000.0,,,33.3383
NavC_tau_m8,1.0,1000000000.0,,,26.9318
NavC_tau_m8,1.0,10000000000.0,,,33.3382
NavC_tau_m8,1.5,1000000000.0,,,26.9318
NavC_tau_m8,1.5,10000000000.0,,,33.3382
