old_statement,problem,new_statement,authoritative_evidence,reviewer_issue_addressed,manuscript_location
Isolated Aβ fiber conducted saltatorily at 36.4 m/s (or 35.6 / 42.6 / 49.6 m/s in exploratory drafts).,"Uncalibrated, grid-dependent values from prior exploratory passes without fixed-node homogenization; contradicted between scripts.","Under this parameterization, an isolated Aβ fiber... generates a brief, physiological saltatory action potential, reaching an absolute peak of approximately +0.44 mV from a resting potential of -80.0 mV, corresponding to an action-potential excursion of 80.44 mV, conducting at 41.03 m/s.","spatial_convergence.csv (dz=10 um, max dV/dt, 4-8 mm); converges strictly across dz in [20, 2.5] um.","Reviewer 2, Comments 2.2 & 2.5 (Aβ source recovery and grid refinement).","Sec. 2.2.1, 3.1, Table 5"
Aβ bundle conduction velocity reported as 33.33 m/s in train integrity audit.,Discretization artifact resulting from rounded-peak voltage argmax latency timing across 48 vs 50 timesteps.,"Concurrently, collective cleft loading decelerates Aβ conduction velocity from 40.0 m/s (n = 1) to 32.00 m/s (n = 25) and 27.1 m/s (n = 50).",phase2_multifiber.csv (row 7: CV=32.00 m/s); final_100Hz_reconciliation.md; continuous max dV/dt metric.,"Reviewer 2, Comment 2.6 (agreement between scripts, consistent metrics).","Sec. 3.9.1, Table 4"
100 Hz train requires ≥ 5 pulses to trigger a propagated C-fiber action potential; Pulse 2 produces an aborted local excursion.,Observation-window truncation artifact: T = 15.2 ms cut off the slow (0.41 mm/ms) C-fiber AP at z ≈ 2.1 mm before it reached downstream electrodes.,"Pulse 2 (t = 10 ms): Evokes the first fully propagated C-fiber action potential (midpoint peak +24.83 mV, downstream peak +24.70 mV at 8.0 mm, CV = 0.41 m/s).","final_100Hz_reconciliation.csv (pulse 2: downstream +24.70 mV, propagated AP = True); final_100Hz_reconciliation.md (T >= 35 ms).","Reviewer 2, Comment 2.6 (consistent endpoints and resolution of contradictions).","Sec. 3.5, 4.4, Table 1"
Ephaptic potential from multi-fiber bundle generates ≈ 10.6 mV depolarization.,Uncalibrated value from historical exploratory script that used non-standard cleft parameters.,"Sweeping synchronized Aβ fiber count n in [1, 50]... produces ΔV = 5.039 mV at midpoint (and 6.015 mV downstream maximum) at n = 25.",EXP_E02_E03_reconciliation.csv; phase2_headline_results.csv (standard kappa = 1.0e9 m^-2).,"Reviewer 2, Comments 2.4 & 2.6 (fixed-kappa evaluation and traceability).","Sec. 3.9.1, Table 4"
Single-pulse n=25 peak ΔV of 6.015 mV vs 5.039 mV was an unresolved numerical conflict.,Spatial recording location ambiguity between cable midpoint (z = 5 mm) and global downstream maximum (z = 7 mm).,Explicitly distinguishes midpoint ΔV = 5.039 mV (peak -59.96 mV at z=5 mm) from downstream maximum ΔV = 6.015 mV (peak -58.99 mV at z=7 mm).,EXP_E02_E03_reconciliation.md and EXP_E02_E03_reconciliation.csv.,"Reviewer 2, Comment 2.6 (endpoint definition and spatial reporting).","Sec. 3.5, 3.9.1, Table 4"
Figure 3 caption described multi-fiber trend as 'monotonic ≈8 mV trend'.,Intermediate points exhibit small local plateaus/fluctuations as n increases to 50; not strictly monotonic.,Described as an 'overall increase with small fluctuations that plateaus near -58.8 mV due to core conductance shunting (Sigma_G)'.,phase2_multifiber.csv (plateaus at 6.197 mV at n=40 and 6.184 mV at n=50).,"Reviewer 2, Comment 2.10 (exact wording update requested by reviewer).","Sec. 3.7, Fig. 3 caption, Table 4"
kappa was described as both a physical cleft leakage and a numerical stabilization knob re-tuned between experiments.,Dual interpretation obscured physical meaning and violated numerical verification standards.,kappa = 1.0e9 m^-2 is defined strictly as a phenomenological model parameter fixed across all comparative analyses; solver stiffness resolved via algebraic elimination.,Section 2.3 mathematical derivation; kappa_effective_table.csv; all experiments frozen at kappa = 1.0e9 m^-2.,"Reviewer 2, Comment 2.4 (single interpretation and fixed comparative values).","Sec. 2.3, 3.6, 4.6, Table 3"
Extracellular solve described as 'unconditionally stable'.,"Overstatement; while algebraic elimination eliminates the explicit capacitive displacement stiffness, the overall coupled system is integrated via IMEX operator splitting.","The algebraic elimination removes explicit capacitive-current feedback from the extracellular solve, avoiding that particular stiffness pathway; stability was assessed empirically.",Mathematical derivation in Sec. 2.3; empirical temporal refinement down to dt = 0.125 us.,"Reviewer 2, Comment 2.1 (rigorous derivation and precise numerical claims).",Sec. 2.3
Algebraic elimination 'proves physical conservation to machine precision'.,Conflated mathematical discrete identity satisfaction with physical conservation proof.,The implemented discrete equations satisfy the derived KCL identity to numerical precision (residual < 10^-16 A/m).,current_conservation_benchmark.png; audit_conservation_invariance.py.,"Reviewer 2, Comment 2.1 (precise current balance characterization).","Sec. 2.3, Fig. benchmark caption"
Pre-elimination spatial decay scale lambda_kappa conflated with effective spatial scale of reduced operator.,lambda_kappa = 1/sqrt(kappa) ≈ 31.6 um is the bare cleft scale; reduced operator scale lambda_eff = 1/sqrt(kappa_eff) expands with fiber count n.,Explicitly distinguishes bare scale lambda_kappa ≈ 31.62 um from reduced-operator scale lambda_eff (73.3 um at n=1 to 464.3 um at n=50).,kappa_effective_table.csv; core-conductor derivation.,"Reviewer 2, Comments 2.1, 2.3, & 2.4.","Sec. 2.3, Table 4"
Single-pulse n=25 ephaptic potential was claimed to be numerically converged.,Temporal refinement reveals notable timestep dependence: peak ΔV increases from 5.971 mV at dt=2.5 us to 14.930 mV at dt=0.125 us.,"Explicitly acknowledges that while spike classification (no spike) is converged, single-pulse peak ΔV is not quantitatively converged; reports Richardson extrapolation as estimate.","temporal_convergence_final.csv (dt in [5.0, 0.125] us; Richardson extrapolation ≈ 15.44 mV).","Reviewer 2, Comment 2.5 (independent refinement and honest limitation reporting).","Sec. 2.4.2, 4.6"
Phase 2 'biophysically validates' the Phase 1 model.,"Both phases share the 1D core-conductor geometry, Aβ source, and regularized Poisson reduction; agreement is a robustness check, not independent biological validation.",Phase 2 is reframed as a biological sensitivity and robustness check within the same 1D core-conductor framework; 'biophysically validated' removed everywhere.,Model architecture analysis; Reviewer 2 critique.,"Reviewer 2, Comment 2.9 (tempering the two-phase validation claim).","Sec. 1, 2.5, 4.1, Conclusion"
Modeled geometry described as representing normal Remak bundles.,"Anatomically incorrect: normal Remak bundles contain unmyelinated axons wrapped in non-myelinating Schwann cell troughs, isolating them from Aβ fibers.","Explicitly stated that the modeled geometry represents a pathologically altered or confined lesion space (e.g., focal compression, entrapment, demyelination).",Murinson & Griffin (2004); Rappaport & Devor (1994).,"Reviewer 2, Comment 2.3 (anatomical context).","Sec. 2.6, 4.6"
Uniform gating shift described as inflammatory sensitization and linked to 'Hopf bifurcation'.,"Applying identical shift to all gates is a mathematical sensitivity test, not inflammation; dynamical bifurcation analysis was not conducted.",Described strictly as a mathematical sensitivity test probing classical HH excitability; 'Hopf bifurcation' removed and replaced with descriptive account.,Classical HH dynamical structure; Reviewer 2 critique.,"Reviewer 2, Comment 2.8 (gating shift re-characterization).","Sec. 2.8, 3.4"
Ephaptic crosstalk claimed to demonstrate the physical mechanism of dynamic mechanical allodynia.,Overclaim: 1D reduced computational model cannot prove clinical etiology without experimental tissue validation.,Reframed as hypothesis generation: ephaptic coupling provides a plausible subthreshold neuromodulatory amplifier and conditional trigger.,Reviewer 2 comments; clinical translation principles.,"Reviewer 2, Comment 2.9 & General (appropriate scientific claims).","Sec. 4.7, Conclusion"
"Cleft resistance arithmetic: r_{e,max} ≈ 6.37 * 10^7 Ohm/m.",Typographical unit error (10^-6 m^2 instead of 10^-12 m^2 for area conversion).,"r_{e,max} = rho_e / A_{eff,min} ≈ 6.37 * 10^10 Ohm/m (where A_{eff,min} = 1.57 * 10^-11 m^2; at w_cleft = 20 nm, r_e ≈ 6.10 * 10^10 Ohm/m).",Independent dimensional derivation; production code r_e_from_cleft(20e-9) = 6.097 * 10^10 Ohm/m.,"Reviewer 2, Comment 2.3 (cleft geometry and resistance bound).","Sec. 2.3, Reviewer Response Comment 2.3"
Figure 4 plotted multi-fiber bundle sweep up to n = 200.,Stale pre-audit figure extending to uncalibrated n = 200 regime.,"Figure 4 regenerated strictly for verified range n in [1, 50], matching Table 4; n = 200 completely eliminated.",phase2_synchrony.csv; phase2_multifiber.csv; regenerated Figure 4 artifact.,"Reviewer 2, Comment 2.4 & 2.6 (traceability, common n ranges).","Sec. 3.9.1, Sec. 3.9.2, Fig. 4, Fig. 4 caption"
Missing Methods section for uniform HH kinetics shift.,Section 3.4 described a uniform gating shift without a corresponding Methods section in Section 2.,Added Section 2.8 'Uniform Hodgkin-Huxley Kinetics Shift (Phase 1 Sensitivity Protocol)' detailing the delta V_shift sensitivity protocol.,ephaptic_model.py; sensitization_bias_sweep.py; Reviewer 2 response.,"Reviewer 2, Comment 2.8 (Methods completeness and framing).","Sec. 2.8, Sec. 3.4"
Single-pair coupling described as 'fundamentally insufficient'; jitter described as 'destructive phase cancellation'; allodynia claimed as proven mechanism.,Overclaiming certainty and causal clinical mechanisms beyond 1D computational model evidence.,Condition-bounded: 'insufficient under tested conditions'; 'reduced temporal overlap of source currents'; reframed clinical discussion as hypothesis generation.,Model assumptions; Reviewer 2 comments on scope and interpretation.,"Reviewer 2, Comment 2.9 & General tone calibration.","Abstract, Sec. 3.9.2, Sec. 4.1, Sec. 4.5, Sec. 4.7, Conclusion"
Phase 2 C-fiber resting potential stated as -65.24 mV based on unverified approximation.,Actual code implementation (get_settled_c_fiber in navc_cable.py) settles to -66.82 mV; caused confusion with Table 4 and Fig. 4 rest potential.,"Authoritatively updated to -66.82 mV (drift < 10 µV over 20 ms; steady-state gates m8=0.0009, h8=0.9843, m9=0.0334, n=0.2902).",navc_cable.py; coupled_navc_model.py; phase2_navc_multifiber.csv.,"Reviewer 2, Comment 2.7 (resting membrane potential and steady-state initialization).","Sec. 2.5, Sec. 3.7, Reviewer Response Comment 2.7"
Table 4 and Figure 4 datasets were blended without explicit model separation.,"Table 4 is Phase 1 (classical HH, rest = -65.000 mV) while Figure 4 is Phase 2 (Nav1.8/Nav1.9, rest = -66.82 mV).",Explicitly titled Table 4 as Phase 1 Classical HH sweep (V_rest = -65.000 mV) and Figure 4 as Phase 2 Nav1.8/Nav1.9 sweep (V_rest = -66.82 mV).,phase2_multifiber.csv (Phase 1) vs phase2_navc_multifiber.csv (Phase 2).,"Reviewer 2, Comments 2.4 & 2.6 (data lineage, figure and table alignment).","Sec. 3.9.1, Sec. 3.9.2, Table 2, Table 4, Fig. 4"
Section 4.3 stated that increasing fiber count n increases effective regularization kappa_eff.,"Mathematical contradiction: kappa_eff = (kappa/r_e) / Sigma_G, so as Sigma_G expands with n, kappa_eff decreases and lambda_eff lengthens.","Corrected to state that expanding Sigma_G decreases kappa_eff and lengthens lambda_eff (73.3 to 464.3 µm), while core conductance shunting plateaus cleft potential.",Core-conductor derivation in Sec. 2.3; Table 4 kappa_eff and lambda_eff columns.,"Reviewer 2, Comment 2.1 & 2.3 (mathematical self-consistency).",Sec. 4.3
Single-pair crosstalk insufficiency stated 'across all physiological and pathological cleft widths (20 nm to 5 µm)'.,Overgeneralization beyond directly tested parameter bounds.,Bounded strictly to: 'across the tested cleft-width range of 20 nm to 5 µm'.,"Tested simulation range w_cleft in [20e-9, 5e-6] m.","Reviewer 2, Comment 2.9 (appropriate claim bounding).",Sec. 4.1
Phase 2 action potential described as 'validating the active nociceptor cable model'.,Overclaim of external model validation.,Rephrased as: 'providing a positive-control demonstration of excitability and propagation within the Phase 2 model'.,Reviewer 2 critique on validation terminology.,"Reviewer 2, Comment 2.7 & 2.9 (tempering validation claims).",Sec. 3.7
Exploratory weak-regularization threshold crossings described as 'exceeding explicit-feedback stability ceiling' or 'confirming the necessity of maintaining...'.,"Coupling is algebraic, not explicit feedback; implied a universal physical stability boundary or biological necessity.","Because these effects were diagnosed as numerical instability under the tested lower-κ implementation rather than as a biological phenomenon or physical stability boundary, the lower-κ case is not used to support biological conclusions; the comparative analyses therefore retain the prespecified baseline κ = 1.0 × 10^9 m−2.",Sec. 2.3 derivation (algebraic elimination removes explicit capacitive feedback); numerical analysis in Sec. 3.6.,"Reviewer 2, Comments 2.1 & 2.4 (exact solver formulation and κ role).","Sec. 3.6, Table 1, Reviewer Response Comment 2.4"
Isolated Aβ action potential described simply as '80.44 mV' or '80.44 mV above rest' without mathematically distinguishing peak voltage from excursion.,Potential confusion regarding whether +80.44 mV was the peak absolute membrane potential or the baseline-to-peak voltage excursion from rest (-80.0 mV).,"Clarified as: 'reaching an absolute peak of approximately +0.44 mV from a resting potential of -80.0 mV, corresponding to an action-potential excursion of 80.44 mV'.","spatial_convergence.csv (V_rest = -80.0 mV, V_peak = +0.436 mV ≈ +0.44 mV, excursion = 80.44 mV).","Reviewer 2, Comments 2.2 & 2.5 (mathematical precision of source waveform).","Sec. 2.2.1, 2.4.1, 3.1, Fig. 2 caption, Table 5, Reviewer Response Comments 2.2 & 2.5"
Spatial convergence figure caption (Fig. convergence analysis) stated 'Spatial and temporal convergence analysis... proving monotonic convergence'.,Inaccurate description: the figure displayed grid-refinement results at fixed dt = 2.5 us and omitted temporal non-convergence caveats.,"Grid-refinement study at fixed Δt = 2.5 μs, demonstrating spatial stability of the n=25 ephaptic response while holding the physical node width fixed.",fig_convergence_analysis.png generation code; Table 5 grid refinement data.,"Reviewer 2, Comment 2.5 (accurate figure captions and honest convergence reporting).",Sec. 2.4.3 (fig_convergence_analysis.png caption)
Table 5 column header was 'Isolated Aβ Peak (mV)' and status column labeled refined steps as '<0.2%' / '<0.1%'.,80.44 mV is excursion rather than absolute peak; percentage changes conflated raw values with formal convergence order.,Column header updated to 'Isolated Aβ Excursion (mV)' and status column updated to 'Spatially stable' for refined grid steps.,spatial_convergence.csv; Table 5 audit.,"Reviewer 2, Comment 2.5 (concise, accurate spatial refinement table).",Table 5
"Reviewer response Comment 2.1 claimed algebraic elimination 'implicitly preserves exact capacitive, ionic, and applied stimulus current balance'.",Overclaim conflating continuous algebraic elimination and discrete KCL identity satisfaction with an independent physical conservation proof.,"Tempered to: 'while retaining the capacitive, ionic, and applied-current terms through the membrane equations', distinguishing continuous reduction from discrete residual verification (< 10^-16 A/m).",Section 2.3 continuous derivation; discrete residual verification in current_conservation_benchmark.png.,"Reviewer 2, Comment 2.1 (precise current balance characterization).",Reviewer Response Comment 2.1
Single-pulse crosstalk insufficiency stated 'across all tested cleft widths' or 'all physiological and pathological cleft widths'.,Universal generalization beyond the tested computational domain.,Bounded strictly to: 'across the tested cleft-width range of 20 nm to 5 µm'.,"Tested simulation bounds w_cleft in [20e-9, 5e-6] m.","Reviewer 2, Comment 2.9 (appropriate claim bounding).","Sec. 3.2, Sec. 4.1, Table 2"
Section 3.7 heading and Figure 3 caption titled 'Phase 2 validation'.,Conflicted with calibrated framing of Phase 2 as a biological sensitivity and robustness check within the same 1D framework.,Titled as 'Phase 2 positive controls and baseline' and 'Phase 2 positive control and multi-fiber summation'.,Reviewer 2 critique on validation terminology; positive control role.,"Reviewer 2, Comment 2.7 & 2.9 (tempering validation claims).","Sec. 3.7, Fig. 3 caption, Reviewer Response Comment 2.7"
"Discussion Section 4.3 saturation explanation lacked formal separation of conductance, operator regularization, and shunting.",Potential confusion regarding whether kappa_eff increase was claimed or how core conductance shunted cleft potential.,"Explicitly distinguishes 1) axial core conductance Sigma_G expansion, 2) resulting reduction of kappa_eff and lengthening of lambda_eff (73.3 to 464.3 µm), and 3) reduced extracellular operator shunting behavior.",Core-conductor derivation in Sec. 2.3; Table 4.,"Reviewer 2, Comments 2.1, 2.3 & 2.4 (mathematical self-consistency).",Sec. 4.3
"Figure 4 caption omitted explicit mathematical and model specifications (model identity, w_cleft, kappa, rest, threshold, dispersion window).","Reviewer 2 critique requiring exact reporting of model parameters, endpoints, and dispersion window definitions.","Caption comprehensively details Phase 2 Nav1.8/Nav1.9 nociceptor model, w_cleft=20 nm, kappa=1.0e9 m^-2, n in [1, 50], synchronous (0.0 ms) vs modeled 1.5-ms onset dispersion (K=21 phases), rest baseline -66.82 mV, and threshold -35.0 mV.",src/phase2_multifiber_sweep.py; phase2_navc_multifiber.csv; regenerated Figure 4 artifact.,"Reviewer 2, Comments 2.4, 2.6, 2.7 & 2.10 (traceability and accurate reporting).",Fig. 4 caption
evoking only minor depolarizations (ΔV = 1.325 mV at w_cleft = 20 nm) across both channel models.,Conflated the Phase 1 classical-HH result (1.325 mV) with Phase 2 (<1.0 mV).,with a peak depolarization of 1.325 mV in the Phase 1 classical-HH model and <1.0 mV in the Phase 2 Nav1.8/Nav1.9 model across the tested cleft-width range (20 nm to 5 µm).,Phase 1 Table 1/4 (1.325 mV) vs Phase 2 single-pair subthreshold sweeps (<1.0 mV).,Final cleanup: accurate model attribution.,Abstract
"Single-pair ephaptic drive generates peak membrane perturbations of only 1.3 mV in a 20 nm cleft, far below the ≈15 mV required to reach threshold. The high longitudinal resistance... counterbalanced by low surface area...",Ambiguous/unsupported '≈15 mV' threshold claim conflicting with -20 mV detector; overstatement of independently isolated resistance/surface area mechanism.,"Single-pair ephaptic drive generates peak membrane perturbations of only ~1.3 mV in a 20-nm cleft, substantially below the depolarization required to initiate regenerative firing under the tested Phase 1 model. Within the present core-conductor formulation, the single-fiber source produces only limited current transfer into the shared extracellular pathway.",Operational detector threshold (-20 mV) and core-conductor source equations.,Final cleanup: removing ambiguous threshold claims and softening mechanistic overstatements.,Sec. 4.2
Phase 2 ionic current listed g_K n^4 (v_2 - E_K) without explicit definition of K+ gating kinetics.,Reproducibility gap regarding whether classical HH n-gate kinetics were retained.,"Explicitly documents that delayed-rectifier K+ gating variable n and rate functions are retained directly from the classical Hodgkin-Huxley formulation in Section 2.2.2 (g_K = 60.0 mS/cm^2, E_K = -77.0 mV), and specifies rate equations in Sec 2.2.2.",src/phase2_nav18_nav19/navc_cable.py (hh_k_rates definition and g_K_HH = 60.0 mS/cm^2).,Final cleanup: mathematical reproducibility.,"Sec. 2.2.2, Sec. 2.5"
an unconditional 20 ms settling simulation is performed prior to stimulus onset,Imprecise terminology ('unconditional') in describing pre-stimulus baseline settling.,a 20-ms pre-stimulus settling simulation is performed prior to stimulus onset,get_settled_c_fiber in navc_cable.py and coupled_navc_model.py.,Final cleanup: precise operational description.,"Sec. 2.5, Reviewer Response Comment 2.7"
This confirms that repeated recruitment is primarily mediated by residual C-fiber membrane and gating-state accumulation rather than extracellular charge storage.,Overstatement ('confirms') of what a computational control experiment demonstrates.,The reset experiment supports the interpretation that repeated recruitment is primarily mediated by residual C-fiber membrane and gating-state accumulation rather than progressive extracellular potential buildup.,run_test3_mechanism.py state-reset control experiment.,Final cleanup: tempering mechanistic claims.,Sec. 3.9.3
